name,since,link,country,message
Jeremy,2023,,,"6年間お疲れ様でした
これから進むあなたの輝かしい未来を応援します
愛してます。これからも永遠に
사랑해요. 카나타."
Izumaru,2019,https://x.com/izumaru_/status/1995872930778193954?t=vrprLju-Im79nMKcdqDlMw&s=19,Indonesia,"I'm glad to be a part of her journey in the past 6 years. I'm proud to be heimin and will always be. Thank you very much for all your work until now.

私の世界で一番のアイドル

Amane Kanata/Kanatan/PP Tenshi/Kanataso 

I hope you'll get better 💫🩵"
,2020,,,Thank you for everything. We Love our Gorilla
Mantas,2021,,,"Kanata is my reason to keep going. I love your voice, I love your cute laugh, I love how kind you are. Your morning tweets gives me energy. I'm devastated that I might not see any of these things, but if there is even a tiny hope that one day I will hear you again, I will cling to it. I love you."
Yeo Zong Han,2021,,Singapore,いろいろ言いましたが、もし最後に何か言うことがあるとしたら、それはいつも感謝の言葉です。遠くの彼方よりにあなたが見えなくなるまで、私はあなたを見守ります。勇敢に人生と現実に立ち向かうあなた、私はいつもあなたを愛し、支えます!
Su-X,2022,,Malaysia,3年間推しでいてくれてありがとう、カナタ。あなたの歌声が大好きです。より良い未来のために、もっと幸せに健康に生きることをカナタに約束します。カナタの今後の活躍を祈っています！
melbne78,2020,,Australia,"Thank you so much for all the memories and love, our sweet Angel Kanata. We will forever keep you in our hearts, and you will always be a treasure to the HOLOLIVE community. Wishing you forever joy and strength for your amazing life ahead. We love you 💗💫"
Hendy Taslim,2025,,Indonesia,KANATAAAAA!! I'M SO SAD WHEN I SEE THE NEWS THAT YOU'LL BE GRADUATED. EVEN THOUGH YOU'RE NOT MY OSHI BUT I ALWAYS ENJOY EVERY CLIPS THAS HAS KANATAN INSIDE. YOU ARE SUCH AN AMAZING PERSON TO BE IN HOLOLIVE FOR 6 YEARS EVEN THOUGH YOU HAVE ENCOUNTERED MANY HARDSHIP. I AM SO PROUD OF YOU💓💓💓
Duc Nguyen Huu,2023,,Vietnam,"Hello Kanata-san, I haven't had the chance to watch much of your streams, but you're one of my favorite Hololive singers of all time, and I will very much remember your singing voice! Thank you for all of the hard work in these last six years, and I wish you all the best moving forward :)"
Minervaさん,2019,,Japan / 日本,"あなたの卒業を聞いてから、あなたの存在が私の中で思った以上に大きかったことを知りました。あなたの力強い歌声と素敵な笑顔に何度も救われていたと思います。
卒業は、正直悲しくて、今でも胸にぽっかり穴が開いていますが、あなたの決断したその道にたくさんの幸せの花が咲いていることを祈っています。
あえて言います。またどこかで……"
Memeranglaut,2021,,Malaysia,"Hi Kanata. We love you. We love everything you do. We want all the best for you, always. We wish all the best to you onwards. Live a long and healthy live for us, but also for you. Heimins are here always in your heart and you in ours❤️"
しるふぃん,2020,https://x.com/silfin_hontai/status/1933811660264780281?s=20,Japan / 日本,6年間、本当にお疲れさまでした。かなたんと共にあった日々は、今までどの日よりも輝いていたなぁと思います。これからの人生、かなたんの事を忘れる日は絶対にないと思います、なのでそちらはどうかお幸せに、健やかに生きてくださいね！ありがとう！大好き！！
Ririchi,2021,,Malaysia,"Thank you always for being such an amazing Angel Kanata chan!
wish you the best and happiness in the future!!!
take care and stay healthy! "
SlackFunday,2022,,France,あなたは本当に最高にクールな人です。あなたの声と可愛い笑い声、ずっと忘れません。本当にありがとう。最高の人生を送ってくださいね。
Neato,2020,,Australia,I'll always remember you. どれほど長くても
,2020,,India,You were amazing! Thank you for being a Super Star! Thank you for making me smile and laugh and feel happy! Thank you for the amazing memories! Thank you for everything!
Xkorpitron,2021,,Portugal,私はドラゴンの友達との約束を守って、あなたを見守ってきました。そして、時間が経つにつれて、私はあなたを見るのが楽しくなり、ヘイミンであるあなたを好きになりました。あなたが直面したすべての障害にもかかわらず、あなたは耐え、頑張り続けました。私はカナタンをとても誇りに思っています。元気を出して、頭を高く上げて、本当にありがとう！
筒香,2020,,Malaysia,"こんかなた、いつもお世話になっております。
この度の卒業は驚いてしましたが、これからも前向きに上手くやっていけるのを心から願っています。
かなたそからは喜び、勇気、頑張る力を貰ったことが多々あります。おかげで今の私があります、そこに関しては本当に感謝の言葉がいっぱいです。
かなたんのことを知ったきっかけはあさここでした。
まさかあのクソダサオウムPPT天使がこれほどの成長を成し遂げたことはまだその頃の自分にはまだ知らなかった、けどその成長過程も見てたから嬉しいかったです。
まだたくさんの言葉が言い切れないので、ここら辺で終わりたいと思います。
これからの人生も長いので楽しく生きましょう💫～"
,2024,,United States,"Thank you, for being nice and supportive of others choices."
bronrg,2019,,Singapore,かなたさん、こんにちは! 6周年おめでとうございます、そうて卒業は悲しいです。かなたんは、つらい時にあたしを笑わせて助けてくれました。そのことをあたしは決して忘れません。ありがとうございます。これからも、どこに行ってもかなたんの熱心な姿勢で人々を助け続けてほしいと思います。
,2021,,Malaysia,Thank you Kanata-san. You're the coolest when singingg.
,,,Vietnam,"since im not a Heimin, i dont actually know much about kanata, but i still want to wish her the best for her future self, wish her bombarded with health and fortune"
xidorn,2020,https://x.com/x1dorn/status/1279746118788591617,Philippines,"I am glad, because I was able to see you give your all. You never gave up, and now I want to never give up, too. I have no regrets being a Heimin. Thank you, Kanatan. Take it easy now, you earned it. かなたんの全身全霊に頑張ってる姿を見られて嬉しい。かなたんが諦めなくて、そのおかげで僕も諦めたくなくなった。へい民になって後悔一切ない。ありがちょ、かなたん。ゆっくり休んでね。
最後に、おつかなた💫"
クロカミ,2020,,Indonesia,今までありがとうございました。元気でいてください。ファンとしてまだしてられないことあ多いんです、ソロライブもまだ現地で見れない、買ったペンライトもハッピもまだ新品。ですがかなたんの決めたことですのでそれを尊敬します。私も陰キャで口少ないので長い文章は書けないのでこれで失礼します、おつかなたでした。
Butter,2020,,Singapore,"Thank you for everything, we love you!

本当にありがとう、愛してる！"
Yasen_siyo,2019,https://x.com/twitwithteeth/status/1954883970761625745?s=20,"Korea, South",かなたそへ。かなたそをデビューから見てきました韓国ニキです。最初のレインボーフォントサムネやあご茶わんとかあって独特だなとも思いましたがいつのまにかヘイ民になっていました。ココの卒業の時にはすごく泣いたし、キセキ結びを聞くたびに今も涙目になります。それからずっと悔いのない推し活すると決めました。Fesも参加して、グッズのいっぱい買ってかなたそのソロライブも現地参加しました。歌とアイドルとVtuberとインターネット文化が好きなかなたそを十分感じました。韓国のhololive STAGE World Tour ‘25 Seoulももちろん参加予定です。それでも自分、悔いなく推せたでしょうか。
PianistandRosetaiMelfriendHaaton,2025,,Italy,"Kanata, I will miss you dearly. Your beautiful singing will always be remembered by us all. You were also a real angel, because you were very cute.
Goodbye, Kanata."
xtt,2020,,Malaysia,一緒に過ごした時間すべてに感謝します。私はもうずっとホロライブのファンで、長年一緒に過ごした楽しい時間も悲しい時間も、いつまでも忘れません。ずっと頑張ってくれてありがとう。
Izuru,2024,https://x.com/izuruu19/status/1840246913704357952?s=20,Malaysia,"悲しみなんかない世界 愛をあきらめたくない、どんな涙も かならず乾く、ボクらが変えてく未来、きずなは とぎれやしない

かなたん、今まで本当にありがとう。これから、ちゃんと幸せになれますように。
Kanatan, thank you for everything . I hope you find a true happiness from here on."
,2025,,Singapore,こんかなた！私はシンガポールからの海外ニキです、だから変な日本語ある。２０２５年３月私はかなたんのことを見つけました。最初かなたはただのホロメンだ、でも今はかなたんの色々なことを好き。例えば声が好き、配信が好き、コラボが好き、歌が好き。本当にいろいろなこと好きすぎる。かなたが行く先々で、かなたかなたをもっと幸せにしてくれますように。I LOVE KANATA!
白玉ふぉんでゅ,2020,,Japan / 日本,本当に好きにいつも真っ直ぐに正直でいつまでも天使（人）として尊敬してると同時に憧れています。そんなかなたんを応援してる内に自分も変わらなきなと思って行動することができるようになりました。このかなたんからもらった大事な経験と気持ちは絶対に忘れません。これからもこれまでも最高の推しです！本当にいつもありがとう！
weefyeet,2021,,United States,"最初から最後まで、すてきなかなたさんを応援できて、とても幸せでした。
だからこそ、卒業されると聞いて本当にさびしいです。

かなたさんと、みなさんと一緒に過ごした時間は、ずっとずっと忘れません。
どこへ行かれても、私たちの希望でいてください。
これからの道が、かなたさんにとって輝く未来になりますように。

心から応援しています。"
trashbin,2021,,Indonesia,"Thank you for the years Kanata has been active in holo. I loved Kanata's voice as it sounded unique to most I've heard. Kanata has gotten me through some challenges through songs and personality.
カナタがホロで活動してくれた年月、本当にありがとう。カナタの声は、今まで聴いた中で特に独特で大好きでした。カナタの歌が、幾つもの困難を乗り越える支えになってくれました。"
YuYuYu,2022,,Indonesia,"thank you Kanatan, you make people like me happy, always.
good luck in the future, i hope you always happy."
newbzrul3,2025,,United States,"Thank you for giving me a reason to push forward in life despite how hard it can be. Many people wish they could have the strength you do, and we'll work hard to make you proud."
,2023,,Indonesia,"watching your Dark souls series and sekiro and how you are immersed with the story was very wonderful, you are a very strong woman before hololive and in hololive, i wish you happiness and fortune always come to you"
たっつ222,2021,https://x.com/tattsu__222/status/1964684002423623874?s=46,Japan / 日本,"かなたんに出会えて本当に楽しい日々でした
一緒に笑ったり泣いたり幸せな日々を送れたと思います  病気と向き合ってやり抜いた貴女を心から尊敬し貴女を推せて良かったと思います
寂しさもありますが何より今まで頑張ってきた貴女がこれから健やかに元気に暮らせるよう心から祈ってます
本当にありがとう かなた"
ごはんたまごはん💫,2021,https://x.com/gth283/status/1996196299927146818?t=AEp36VTbcjBmhpLjIBh_6g&s=19,Japan / 日本,言いたい事はココに書き尽くせない程にあるから、すこしだけです。どんなときも、常にあなたが心にいました。あなたの頑張る姿に惚れたんです。今心に穴が空いてしまったような気持ちですが、あなたが決めたことなら、最大限悩んだ後の決断でありそれはきっと幸せなことであると信じています。ほんとにありがとう、大好き
Kitsu,2024,,United States,Kanata! Ganbatte! We will miss you!
MALICE-まりす-,2021,https://x.com/MALICE_yy/status/1677015556145438720/photo/1,Japan / 日本,かなたん！卒業しちゃうのは凄く寂しいけど、かなたんに貰った大切な時間は一生の宝物だよ！本当にありがとう！会えなくなってもずっと忘れないからね！一生愛してるよ！
tepu,2022,,Malaysia,"thank you for everything kanatan, we will love you forever"
,2020,,Hong Kong,ありがとう😭✨世界一のアイドル、 一生忘れてやらないぞ。 大好き❤️ ひんです
詠麟,2020,,Taiwan,カナタさん、5年間本当にお疲れ様でした。毎日生配信やアーカイブを見るのが本当に楽しかったです。これからも健康で幸せに過ごしてください。最高のアイドルです！ 勝手なお願いですが、カナタさんはもうネットでカナタさんの痕跡を探さないでほしいと願っているようですが、きっと我慢できないでしょう。たとえ可能性でもいいから、またカナタさんの近況を聞き、歌声を聞ける日が来ることを心から願っています。メンバーとして5年近く、本当に毎日が幸せでした！ ありがとうございます！
なっつん💫,2024,,Japan / 日本,"かなたん、6年間お疲れ様でした。
職場で病んで、死んでやろうかって思うほど辛い時にかなたんの曲、配信に救われました。今の僕があるのはかなたんのおかげです。
あなたは誰よりも誠実な人だから、きっと死ぬほど悩んだし泣いたことでしょう。僕たちや他のホロメンが悲しんだり傷つくことまできっと考えてくれたはずです。だから卒業してしまうのは寂しいけれど、かなたんの次が幸せな道であるように心の、心の底から願っています。
本当に今までありがとう。あなたに出会えたことは僕の一緒の宝物です。

いってらっしゃい。"
ST Satia,2023,https://x.com/Shalltear450/status/1996202533115871549?t=uZzFhNBkezsoF1jjCrlVBA&s=19,Vietnam,"Thank you Amane Kanata for the past 6 years. Although I didn't follow you at the beginning, it was a great journey coming along with you since 2023. You have been my light since then. You cured me from stress and family issue. I will never forget you 💙"
Boku,2020,,Brunei,"Thank you for everything, Kanatan. It’s hard to put into words how much you mean to me. Your presence has been a source of comfort, motivation, and happiness to me. It hurts to let go, but I’m proud of you.
Please continue shining in your own way💫 I love you always💙"
せりす,2022,,"Korea, South","かなたんには本当に感謝の気持ち
辛い時も嬉しい時も一緒にいてくれた
かなたんのお陰で幸せな4年間を過ごしました。
かなたんには幸せな未来だけ残って欲しい
かなたんがたくさん悩んで決めた事だから行かないとは言わないよ
かなたんは私の人生を照らしてくれた灯りであり、私の幸せでした
今まで、本当にありがとうございました。
これまでも、これからも、大好きです。
世界で一番のアイドル
愛を伝えます"
양파,2021,,"Korea, South",꼭 행복해야 해
バンビ/밤비,2022,https://x.com/ksjhome/status/1948970514032328918?s=20,"Korea, South","6年間、本当にお疲れさま、かなた…
辞めないでほしいって言いたい気持ちもあるけど… かなたがよく考えて決めたことだから…
ファンとしては、その道を応援しなきゃいけないよね…

それでも、これだけは伝えたい。
かなた、大好きだよ！あなたは僕にとって君は世界一番のアイドルだよ。

かなたを知れて、そしてへい民になれて本当に幸せだったよ
僕の推しでいてくれて本当にありがとう。

これから先、幸せなことだけで満たされますように。大好きだよ！"
こもよし,2019,,Taiwan,お疲れ様でした。ありがとうございました。o7
初見です💫,2020,,Japan / 日本,"かなたんへ
さっきメン限の期間を確認したら66ヶ月ってかいてあったよ。とても長い月日、推させてくれてありがとう。かなたんのおかげで辛い時も楽しい時間にすることができたよ。12/27を過ぎてからは直接応援ができないけど、ずっとずっと推していく応援しています。世界のどこかで応援してるので、無い胸張ってかなたんらしく生きてください！たくさんの楽しいをありがとう。"
하루,2019,,"Korea, South",愛するかなたんにとって、かなたん、あなたは私の小中高生活にいつも一緒にした私の精神的支柱であり希望だった。あなたに出会ったのは私の短い人生で一番大きな幸せだ。 一緒に放送で笑って泣いて本当にたくさんの時間を一緒に過ごしたのに卒業するという話を聞いた時私も知らないうちに涙が出たの. それでもずっと泣きたくても我慢して笑いながら送ってあげたい. もうすぐ12月27日私たちが初めて会った日であり別れの日だ. その間6年間すべてのヘーミンそして私のそばでいつも笑っていてくれてありがとう 君を忘れることができない. あなたは私の人生の大切で愛した最初の一番好きだあなたの未来を応援するよ!!!
라이더고냥이,2024,https://x.com/ridercat422/status/1974365709787673022?s=46,"Korea, South","Kanata, I was happy to have you. If it wasn't for you, I might not have been alive. Thank you for your hard work. Stay healthy and happy anytime, anywhere. All Haymin will be cheering for you. Thank you for your service!"
DARI,2021,,"Korea, South",4年間本当に好きでした 幸せになってほしいです
Rushian,2021,,Taiwan,"Kanata, you will live in my heart, forever."
Roger YS,2022,,Hong Kong,"Kanatan, I’m very proud of your solo live performance and so glad you complete it before finishing your idol journey. Sometimes I wish you to stay forever but more importantly we fans want you to stay healthy and be true to yourself. Thank you for everything and and don't forget us all!"
たていしいりや,2022,https://x.com/clarihan/status/1995071177413562611?s=46&t=EL-nm9VZxAJzIjUK_p62jg,Japan / 日本,"大好きなかなたんへ
辞めてしまうのは悲しいけどかなたんのこれからにたくさん幸せな事が起きるのを願います
カラオケでも何でもいいから歌うことだけは続けて欲しいです
最後に我儘ですがかなたんの活動をまだまだ見ていたかったです"
さるおん,2020,https://twitter.com/saru0n/status/1971515247300386833?s=46&t=vs2yhWZAC88j-Jlc5ZF4Og,Japan / 日本,"かなたんの声が好きです。歌が好きです。今まで生きてきた中で、ずっと長く追いかけ続けたアーティストはかなたんが初めてだったんです。もっと声を歌を、楽しそうに配信している姿を、夢を叶える姿を追いかけたかった。でも、かなたんの覚悟や矜持は配信の声色から痛いほど伝わったから、寂しいけれど、この先に続く貴女の人生が、未来が、多くの幸せに包まれるように祈っています。6年間、本当に本当にありがとう。
忘れない、忘れられないよ。だから、我儘だけど、たまにはホロメンとご飯とか、ちょっとお茶しよ！って行って欲しいよ。友達としての、仲間としての繋がりは持ったままでいてよ〜。"
문재욱,2021,,"Korea, South",出会えて本当に良かったです。ずっと大好きで、いつも応援していました。どこへ行っても、幸せに元気に過ごしてくださいね。いつか、もしヘイミンを思い出したら、どんな形でも構わないので、また姿を見せてください。
Muik Baek,2022,https://x.com/hfnm_holo/status/1955543752732557319/,"Korea, South","From I heard your song 特者生存, I fall in love to your personality and songs.  Including 特者生存, many other songs like 純粋心 also are in my taste. Thank you for your work although your unwell condition. I love you forever."
ＡＺ,2022,,Japan / 日本,"かなたんの歌が大好きです。
最高の歌を届けてくれてありがとう。
天界に帰っても世界の何処かで歌い続けてほしい！
寂しいけどアイドル美学を感じて格好良すぎてやっぱり最高の推しです。"
Eprise,2021,,Taiwan,かなたん、私の人生のつらい時期に励ましてくれてありがとう。私はこの年月の思い出を決して忘れません。
Vegito II,2020,,Malaysia,I watch your stream whenever I'm free and you did stream，I love your style but I won't after you graduate，please have a nice life afterwards，I know you play dragon ball games，if you need help，don't hesitate to come to planet vegeta to find help from saiyan，we saiyans will always love you
Ry0,2020,,Sri Lanka,かなたんへ、スリランカの小さな国からあなたに届きます🇱🇰。デビュー直後の配信であなたを知り、面白くて可愛い姿に心を奪われました。『アンラベル』や『火炎』の歌声、そしてソロライブには涙が出るほど感動しました。病気と向き合い諦めない姿に救われ、勇気をもらいました。どこへ行っても幸せでいてください。6年間、本当にお疲れ様でした。
マイオニーG5,2024,https://x.com/G5_maioni/status/1964686687734464861?s=20,Japan / 日本,6年間お疲れ様でした。かなたんに出会って世界がガラッと変わりました。いつの間にか心の一番大切なものになっていました。一生忘れることはありません。私がへい民を名乗って1年間という短い間でしたが、とても濃密で楽しい一年でした。受験生だった時も不安だった新生活もかなたんがいたから乗り越えられました。今までありがとう！これからもずっとずっとあなたは私の最推しです！！！
사휘,2021,,"Korea, South",韓国のへい民です。 かなたそのこれまでの活動をとても楽しく楽しんで4年目ですね。8月、1st Live Lock Onを現場で見てからもっとかなたそが好きになりました。 いつもかなたその健康を心配して結局卒業ということでへい民の時間は止まるようになりましたがこれからもかなたそがこれ以上痛くなく幸せにどこかで生きて行くと信じてかなたその新しい未来を応援します。 涙が止まらないけど、かなたそがこんな決定をするようになったのも相変わらず悲しいですが、それでもかなたそは今までいつもありがとうございました。 元気にまた会える日を楽しみにしています。
35Pなすこん部,2024,,Japan / 日本,6年間お疲れ様です。卒業してしまうのは悲しいですが、どうか幸せな未来を送ってください。いつまでも応援します。ネットからはいなくなっても、僕たちの心の中では永遠に生き続けます
derheim,2022,,"Korea, South",大変なことがあったとき、あなたを見て力を得ました。 いつも固く生きていく姿が美しいです。 健康を回復してください。
Catalan,2022,https://x.com/catalan4875/status/1995840743085408394/photo/1,"Korea, South","かなたん6年間本当にお疲れ様。
別世界ライブから見始めてもう3年、もっと早く出会えていたらよかったのにな。
日本語が下手で、Twitterとかであんまりコメントできなかったのがすごく心残りだよ。
もっと本気で日本語勉強しとけばよかったなって思う。ごめんね。
実は、人生で初めての海外旅行が、かなたのソロライブだったんだよ。
現地でかなたに会えて、本当に幸せだった。
あと、ソウルのワールドツアーに来てくれて本当に嬉しかった。
私が住んでる場所でかなたに会えるなんて本当に本当に嬉しかった。
今までありがとう。ずっと大好きだよ！"
タット💫,2020,,Japan / 日本,"かなたんと過ごした日々はとても楽しく、充実した時間を過ごせました。配信で会えなくなってしまうのは悲しいですが、これからも頑張ってください！陰ながら応援しています。
かなたん大好きだよ！！"
,2024,,India,"kanata-san, i wish you the best for your future!"
Kraller,2021,,Russia,May you live a happy life with no regrets. May your days be as happy as you made your fans happy. I will never forget the PPTenshi
,2024,,"Korea, South",사랑해요 다시 만나요
かずーやん,2020,,Japan / 日本,"初めてこんなに好きになった配信者でした。
どちらかというとVtuber文化に批判的でいた自分を根本から変えてくれた事に感謝してもしきれません。
かなたんと出会っての5年間は推しが元気に配信してるのが当たり前で天音かなたがそこに存在しているという事が嬉しい日々だったけど来月からその感覚が無くなるっていう喪失感が拭えません。
でも、これまでの思い出を糧にまたVtuber文化を楽しみたいと思います。
かなたんにもう会えないのは寂しいけどかなたんが教えてくれた世界を少しでも盛り上げられたらいいです。
今後のかなたの人生に幸あれ！
最推しに愛を捧ぐ"
Cyaro(シャロ),2025,,American Samoa,"かなたんへ

卒業はとても寂しいけれど、
たくさん悩んで、自分で選んだ道だから
その決断を心から尊重します。

それでもやっぱり悲しいし寂しい。
いないって分かっていても、
きっとこれからもつい探しちゃうと思う。
それくらい大切で、誇りの推しです。

だけど、かなたんが選んだ未来なら
僕は全力で背中を押します。
卒業しても、想いは変わりません。
これから先もずっとずっと
愛して、応援し続けます。

ここまで連れてきてくれて本当にありがとう。
たくさんの笑顔と勇気をくれてありがとう。
かなたんのこれからの人生が
もっともっと輝きますように、心から願っています。

ずっと大好きです。"
kaizeshu,2020,,Philippines,"Kanatan, thank you for everything. Your songs, streams, memories, will always be with us, even when you depart. I will miss you, a lot. Rest well, and take care. おつかなた！"
ぺぺち,2021,https://x.com/pepechino1220/status/1996232417514815936,Japan / 日本,"私がかなたんを知ったのが四年前でした。でもその時の私はこの子かわいいな程度でまだへい民と言えるほどのものではありませんでした。
でも3周年ライブで私はへい民にレベルアップして三年間学生へい民として過ごしています。
今までありがとう。これからもずっとずっとかなたんのことが大好きです。"
ルオレ,2020,,United States,今までありがとうございます。この長い間とても楽しかった！
Philip,2022,,Japan / 日本,"かなたんへ
今の自分があるのはかなたんのおかげと言っても過言では無いです。自分が今大学生になれてるのはかなたんのとある言葉に救われたからです。それはすごく前に色んなことへの素直な思いを雑談で伝えてた場面。頑張っても意味ないと思った。けど諦めたくはないよね？だからまだ頑張ろうって思えた。そんな1場面です。自分は大学受験でどんだけ勉強しても中々成果が出なくてもう投げ出したい、ほんとに心が辛い時はもう生きてる価値なんてないんじゃないか。そうまで思っていた時にこのかなたんの言葉を思い出し、まだ頑張ろうと思い今大学生に無事なれてます。なのであなたにはいつまでもずっとありがとうを伝え続けたいです。"
メジェドリス💫🏴‍☠️,2022,,Japan / 日本,"かなたんへ
本当に大好きです。本当に人生を変えてくれた恩人で最高の最推しです！
今までも、これからも変わることは無いしずっと応援していきます！
へい民になって良かった。かなたんと出会えてよかった。
ただ、もっと早く出会いたかった。お話できるイベントに勇気を持って参加出来ていれば、という気持ちもあります。
エルデンリングもかなり印象的で本当に楽しかった。
本当に忘れたくないし忘れてやりません！
本当にありがとう。これからも元気に幸せに過ごしてください！"
Heii Pilar,2023,,Indonesia,"Hello Kanatan! I am very grateful to found you and Hololive in my senior college year. Your singing, your stream, your hardwork entertain me, and I want to be strong, like you! Love you, everywwhere you be after this end. Thank you very much Kanatann"
Winson,2020,https://x.com/winsonhin/status/1956363324184223797/photo/1,Hong Kong,"かなたんを静かに応援し始めて、もう5年が経ちました。あなたの成長をずっと見守ってきた中で、1stソロライブに参加できたことは、私にとって最高の思い出です。一生忘れません。
あなたの幸せが、私の一番の望みです。
ただ、どうか体だけは大切にしてください。あなたが元気で生きていると知らせてくれるだけで、本当にそれだけでいいんです。
かなたんのことが、一番好きです。"
,2020,,United States,海外へい民です。かなたんのおかげで日本語を勉強し始めました。すぐに日本語に住んでいます。僕の人生が変えられました。全てをありがとうございます。
Beans,2019,,New Zealand,"Thanks for 6 years, Kanatan! The Strongest #1 Idol! Always and Forever!"
mochi,2023,,Japan / 日本,今まで配信でのコメントもあまりしてこなかったけど卒業発表で思ったよりもかなたんのことが好きなんだと今更ながら気づきました。卒業しても大好きです。
SeungMin,2025,,"Korea, South","こんかなた！💫　
今年の9月に初めてホロライブを知った韓国リスナーです。ホロライブを知って初めての卒業なのでこの雰囲気に付いて行くことができず、悲しんでいたところ最後にメッセージを送れると聞いてこの機会を通じてこの言葉を伝えようと思います。
長い時間を共にしたへい民の方々に比べれば、本当に短い瞬間でしたが、私の人生において2025年の中で最も美しいページとして残るでしょう。 2026年からはもう画面越しに会えなくなりますが、この6年間刻んできた声はいつも私たちのそばで共にすると思います。カナタソが卒業してもへい民は卒業しないから！ いつでも私たちを忘れないでね！、、、行かないで、、、😭"
Andrew,2020,,United States,（Google翻訳）この6年間、私たちのPPTになってくれて本当にありがとう。あなたが初めてライブ配信を観たホロライブの人だったの。あなたのユーモアとカイチョーとの素敵な友情にすっかり夢中になってしまいました。こんな終わり方になるなんて本当に辛いけど、幸せな人生を送れるよう祈っています。
Aro,2020,,Indonesia,かなたん大好き。ホロライブを見始めた頃に4期生がデビューして、本当に特別な思いがあります。力強い歌声と、決してあきらめない姿に何度も勇気をもらいました。忘れられない名場面ばかりです。どうか体に気をつけて、ゆっくり休んでください。今まで本当にありがとう。
Inemil,2025,,Poland,"No matter what happens, I still wish for your smile to be always bright in every moment."
Rex,2020,https://x.com/RexAstaLevi/status/1996250423641129169?s=20,Indonesia,"かなたん、たくさんの思い出と楽しい時間をありがとう
君の配信も歌もライブも、全部本当に楽しかった
君は諦めないこと、辛い時も続けることを教えてくれた。それは僕にとって本当に大きな意味がある
君がいなければ今の僕はいない
改めて、たくさんの思い出と君の頑張りを心からありがとう 
お疲れ様でした... おつかなた~！！！"
벨님,2019,,"Korea, South",あなたに救われた一人の韓国人ヘイミンです。 今まで本当にありがとうございました いつまでも忘れられません 本当に好きです
Felshene,2022,,Indonesia,"I love Kanata, thank you for the past years. You will live in my heart forever.
カナタ、大好き。これまでの年月、ありがとう。あなたは永遠に私の心の中で生き続けるわ。"
HookedOnRice,2020,,United States,"PPT! Congratulations! You did SO much in Hololive and I'm happy I got to see it! You inspire me every day and I promise I will chase my dreams like you! Thank you for singing, making me laugh, and spending time with us! You are amazing, don't forget that. I love you, Kanatan! 💙"
Veldspar,2020,,Russia,"I've been watching you since your debut, and it was an incredible and inspiring journey! Fly high, Kanatan! Thank you for 6 years of wonderful memories!"
艾薩爾エザル,2021,,Taiwan,"かなたん大好き！
かなたんの歌も大好き！
本当に綺麗な声です
これからもずっと大好き！"
Iduno,2019,https://x.com/Istilldunno1/status/1898048602741916002?t=xY9GAirWUMFYzCY_Nk-epQ&s=19,United Kingdom,"あなたのおかげで私は音楽はも好きに成りました
あなたのおかげで日本に行きました
あなたのおかげ半分で翻訳切り抜き者に成りました
あなたのおかげ半分でそんあメッセージのために日本語が十分わかります
本当に全部ありがとうございます
私は永遠にへい民です"
Sugapi,2019,https://x.com/FubuTaso_love/status/1969465939289677918?s=20　　　（たそぬいと一緒に行ったスウェーデン旅行）,Japan / 日本,デビューから6年。　病気やメンタルの問題で何回も休まれていたのをゆっくり待っていましたが、二度と会えなくなる日が来るとは思っていませんでした。　貴女の歌、マナーや配慮などの人間性、トークがとても好きでした。　日々の生きる糧と言っても過言ではありません。ありがとうございました。
アイド,2020,,Philippines,決して忘れないよ、かなた。本当に大好き！！！！
j.see,2021,,Singapore,かなたんが初めて見た数少ないVTuberの一人で、ホロライブにハマるきっかけになりました。とても寂しくなりますが、これからの仕事でぜひご活躍ください！
レスティア,2019,,Singapore,デビューから応援していました。楽しい６年間をくれてありがとう
Vuirn,2020,,Indonesia,"Thank you for everything you've done for us Kanata, thank you specifically for always lighten my day up when I'm at my lowest point with your streams, your laughs, your kindness, everything you've done within the past 6 years.. Please live a happy life wherever you end up.."
ペンギン,2020,,Philippines,海外の人です。PP天使の始まりから観ていましたが，その時は私の日本語がボロボロでした。かなたんの配信を楽しく観れるためにきちんと日本語を勉強しました。おかげさまで私は色んな経験が味わえて，人生を本当にいい方向に向けました。この何年間の配信や歌は私にとってかけがえのない大切な思い出です。出会ったキセキから，このお別れの日まで，すっごく楽しかったです！ありがとうございました！幸せになりますように。おつかなた～
メル,2024,,"Korea, South","いろいろ大変で体が壊れていく時に知り合い、心の中で本当にたくさんの力になってくれた私たちの天使かなたん！悲しい時も嬉しい時も一緒にしたようです。 あなたが歌った歌が好きです  笑い声が好きです。 雑答が良かったです。 1年間あなたの夢を追いかけた道を一緒に乗って走ったならこれからはあなたがくれたこの幸せな思い出を大事に持って生きて行きます これからもずっと私にとって世界で一番のアイドルは""天音かなた""あなたです。 卒業して元気に過ごして、日常生活でふと私たちのことを思い出したら、あなたのニュースを聞かせてください。私たちはいつもあなたの幸せを祈ります。 これからも永遠のヘイ民が。"
ryo,2024,,Japan / 日本,ソロライブ最高でした！かなたは、世界で一番のアイドルです！ずっとずっと推します。かなたじゃなきゃダメなんです
Roberto ramirez,2020,,Chile,"あなたの歌声が恋しくなるよ.
私たちは地球の反対側にいるかもしれないけど、あなたの歌は永遠に私の心に残る
thanks for making my days a little happier[英語]. 
gracias por hacer mis dias un poco mas alegres[スペイン語]
私の日々を少し幸せにしてくれてありがとう"
Kaaaaaarp,2020,https://x.com/leonatoieiri/status/1618831311321571328,Brazil,Thanks for the amazing 6 years Kanatan
Rogue 7,2021,,United States,Hello Kanata!  It has been wonderful to get to listen to your singing and watch your streams over the past years.  I'm very grateful for all the time you have shared with us.  Thank you and good luck in the future!
HEHEHe,2022,https://x.com/hehehe___2000/status/1995933924279943601/photo/1,"Korea, South","正直、もうよく覚えてない　かなたんと出会った日が気がつけばきみはわたしの
推しになっていた。配信を見て、歌を聴いて、グッズを集めることが生き甲斐だったのにその日々も終わってしまうね。幸せだったかなたんと過ごした日々が、大切だったかなたんの声を聞く時が。今この瞬間も周りにはたくさんの君のグッズがあるのにこれからどう生きていけばいいのか分からないどこでも見つけられない君だからなつかしいく、またなつかしい。"
内藤ハヤト,2022,,Japan / 日本,天音かなたさま、杞憂して杞憂して杞憂しつくしての決断、応援しますけどやっぱり寂しいです。 最初で最後の大好きなアイドルで、貴女の美学にたくさん元気貰いました！ 永遠に大好きです！
AstralVeil,2021,,United States,Thank you for everything 💙🩵💙🩵
あかいき💫,2021,https://x.com/tasoosi_hololis/status/1996295287250583972,Japan / 日本,かなたんと出会ってから過ごしてきた長い時間の中で一緒見てきた風景をたくさん思い出します。ゲームや雑談、歌に企画など毎日飽きることのない楽しい時間でした。かなたんにたくさん笑顔にしてもらって本当に幸せな日々でした！間違いなくこれまでもこれからも最高の最推しです！！これからの貴女の人生に幸多からんことを祈っています！6年間本当にお疲れ様でした！ありがとう！！いつまでも大好きだよ！！
KoNG(Cloud),2020,,Taiwan,Hey Kanata! Thank you for all your hard works! Thank you for showing up on the Internet! Thank you...for being the only and the best idol in the world! I will always be grateful for the journey we had during all these years. Thank you！Good Bye！
,2025,,,"Have a happy life, Kanata."
Pat,2019,,United States,THANK YOU PPTENSHI! I AM HAPPY TO BE A HEIMIN!
Zokur,2020,,Mexico,Thanks to HoloForce I meet hololive. Thanks to Kanata I love idols. I always remember you and support you. <3
TalesofNukes / ToN,2019,,United States,"Thank you for everything.
I followed since debut, but became a true Heimin on your 3D debut.
Your voice and kindness are the strongest in the world. No one can compare in my heart.
I sincerely wish you happiness!"
Lightinggod87,2020,,Hong Kong,6年はもあっという間に過ぎた。かなたんはも卒業します。ライブステージで見えな方は残念です、悔しいです。それでも、天音かなたんのファンになってたの時、へい民になってたの時は永遠に後悔してない。 かなたんは僕の希望、僕のモチベーションの源。だから、笑顔で見送る。今までありがとうございますした！
TRK-80,2021,,United States,"The Angel with a powerful grip, amazing singing, and a steadfast friend of her genmates and all of Hololive, Kanata will leave a legacy that we will remember.  When I heard you sing ""Soran Bushi"", I knew that our Gorilla Angel would keep being amazing.  私はこれからもずっと私たちの天使を愛し続けます！"
Marcel.,2021,,Canada,"Kanata, you were my inspiration. Thank you for everything. Please be happy and healthy and enjoy your new life."
yamiRic,2020,,Indonesia,"Dear Kanatan,

No matter what happened in the future, please cherish the memories of your journey being idol over past 6 years. You have overcome so many things and now while you are going to fight alone, remember that everyone is cheering for you from all over the world.
All the best for your life"
vickdexu,2021,https://x.com/vickmichu/status/1996325931191824715?t=kEHcP5y_hGaI-1lMEcpgAw&s=19,Mexico,"Thank you so much for always supporting us! You have always meant the world for me. 
I want you to always know that Kanata is the number one Idol in the world!!! 
I will always love and support you tooi tooi betsu sekai made
お疲れ様でしたそ！
ありがちょ~！💫 𓂃꒰ঌ(*´˘`*)໒꒱𓂃 💫 PPT！"
meckbaig,2020,,Russia,"2020年からずっと応援してきました。
きみの美しい歌声と、仕事への真摯な姿勢に心から感謝しています。
私にとって、かなたは最高で、かけがえのないアイドルです。"
midori,2020,,United States,Good Luck かなたん! 本当にありがとう！
MapleMap,2024,,United States,天音かなたさん、こんにちは！7年間の成長ぶりには本当に感動しています。このコミュニティに参加してまだ1年で、主に英語版を応援していますが、たまに動画を観ていてとても面白いと思っています。楽曲もたくさん聴いていて、歌唱力の高さに感動しています。ホロライブ時代と同じように、これからもずっと幸せに過ごしてくださいね。本当にお疲れ様でした！(Translated by Google Translate)
Toasty,2024,,Canada,健康になって健康的な生活を送りましょう!
yu1_0511,2024,,Japan / 日本,"これを読んでる頃には卒業して一般ゴリ...天使になってることでしょう。元気ですか？

私はかなたそのゲーム配信や雑談、歌にたくさん救われてきました。それがこの先なくなるのは正直もの凄く辛いし怖いです。今すぐには無理だけど、頑張って乗り越えます。
かなたそは探さないでいい。と優しい声で言ってくれました。かなたそらしいなと思った。でもごめん、探します。推しに似て頑固なので例え見つからなくても探し続けます。

最後に、たくさんの感動や笑顔、勇気をありがとう！貴女は私の誇りであり、世界で一番のアイドルです。これは一生変わりません。かなたその幸せを心から願ってます。大好き！

またいつか会えますように。"
いして〜,2024,,Japan / 日本,かなたん、6年間の活動、お疲れ様でした。まだ信じられない気持ちです。ですが、卒業発表の配信のあの覚悟の決まった声を聞いてしまったら、こちらも受け入れるべきだと思います。かなたんを知ったのは、片羽のMVの時でした。辛いことがありすぎた中、あのMVを見て久しぶりに感動して泣いてしまいました。こんなに努力して頑張っている人もいるんだと改めて実感し、その後の行動の原動力となりました。1stソロライブは体調不良もあり行けませんでしたが、ライブ配信でも感じたあの熱気、感情は今でも忘れません。私のにとって世界でいちばんのアイドル、天音かなた。卒業しても、幸せになってね！6年間ありがとう。お疲れ様でした！
ハルト,2019,,Japan / 日本,"かなたんへ
僕がかなたんに会ったのはかなたんの初配信です。正直言うとそのときから好きでした。でも配信を見ていくにつれ「天音かなた」という1人の人間性に惹かれてました。もう死ぬまで貴方を忘れられないと思います。めちゃくちゃ寂しいです。貴方がとても惜しい、愛しい。復帰も転生もない…ほんとのお別れなんだと考えると涙が溢れてきます。でも大好きなかなたんが決めたことなので意思を尊重します。これからもあなたが笑えて楽しく毎日を過ごせますように。ずっとずっと大好きです。愛してます。"
ユウロキスト,2023,,Japan / 日本,"発表から数日たってもやっぱり寂しい気持ちは消えません。
卒業の説明も見たし納得も出来るけど寂しいというのが今の正しい気持ちだと思います。
ソロライブ楽しかった、エルデンのマレニア頑張った時は手に汗握った、ゴリレバラジオは毎月楽しみだった、かなたんの歌がすごく好きだった…かなたん辞めるの辞めへん？
何度も言うけどかなたんが卒業するのは寂しい！
2025年12月がかなたんにとって忘れられない1ヶ月になる様に、いや忘れさせてなんかやらない！魂に刻んで絶対に後悔させてやる！
後悔するぐらい最高に楽しく嬉しい1ヶ月にするから！
卒業を惜しまないわけない！
絶対に忘れてやらないから！
今までありがとう！"
megami011,2023,,United States,"Thank you for everything. 

私はもう二度とあなたにお会いすることはないかもしれません でもあなたの欠片を永遠に持ち続ける。"
けんてぃー,2024,,Japan / 日本,かなたんの歌声もマシンガントークもビジュアルも優しいところも面白いところも何にでも全力でぶつかるところも全部大好きだよ。本音を言えばやめてほしくないけどかなたんの決めたこと全力で応援して見送ろうと思う。「努力とは最後まで諦めないこと」この言葉を胸にこれからも応援していくよ。いままでもこれからもずっとずっと大好き。いつかまたその歌声を聴けることを願っています。6周年おめでとう
Bloon,2025,,Malaysia,こんにちは、かなた。10月に「あの夏が飽和する。」のカバーで初めてあなたのことを知りました。残念ながら、私の頭の中で永遠に飽和するのはこの冬です。歌い続けてください、あなたの声はまさに天使のようです。翻訳機を使っていてすみません。
かえで💫ホロ箱推し,2019,,Japan / 日本,"お疲れ様でした…！
いつかたまに顔出してもいいんだぞ！！！！！歌上手くて話の広げ方も上手で、すべてが完璧で本当に憧れます。大好き、ありがとう。一般人になったら俺のとなり来てください。"
蛇白叶,2021,https://x.com/kanatasokawaii4/status/1915005284709494944?s=46&t=irIuF_TO6ivvvV8gaH_tcA,Japan / 日本,僕にとってのかなたんは恩師であり、推しであり、憧れです。どうかこの先もたくさんの人に夢や希望を与える天使として羽ばたいてください！
Lupu,2025,,Germany,"私は長い間へい民でいたわけではないけれど、へい民になれて本当に幸せで、そしてこれからもずっとへい民でいられることをとても誇りに思っています。
あなたはいつまでも私のナンバーワンの押しであり、幸せな思い出を振り返るときに必ず思い出す存在です。

ここから先の道でも、あなたにありったけの幸せが訪れるよう心から願っています。
かなたは本当に天界と世界で一番のアイドル"
,2020,,Philippines,You were my first ever oshi and will always be special to me. I wish you the very best!
エフェメラ,2019,,Japan / 日本,"ホロライブを去るからにはより素敵な人生を生きてね！！
ふとした時にかなたんの事を思い出して幸せを願っています！
沢山の楽しい時間をありがとう💫"
,2024,,Japan / 日本,大好きでした。これからもずっと大好きです。
tony from SG,2021,,Singapore,"I love Kanata singing and song Last Resort!!! 君の音楽が大学生活を乗り切る支えになった , love you Kanata <3"
Blueash015,2019,,Singapore,君の歌で僕を何度も救ってくれた。かなたは私の人生の一部なので本当にありがとう。卒業してもずっと応援し続けるよ。
megaattack,2021,,Philippines,"I started watching Hololive for their videogame clips and comedy, but you are the first Vtuber I started following because of the music. Trigger was a great album. I hope you know that your music has brought us happiness, strength, and magic."
ミリちゃ,2023,,Hong Kong,"初めてに見ったとき、私は魅了されました。かなたさんを理解したくて、日本語を勉強しようと決めました。待たなければよかった、それでもありがとう！

日本語はまだ下手です、それで少し機械翻訳を使いました。私の話を完全に理解してほしい"
手裏剣サッシー/手裏剣投太郎,2019,https://x.com/suriken_tiger/status/1996377566886957237?s=46,Japan / 日本,俺はずっとへい民だし、1人の人間として天音かなたのファンです。歩き続けよう。
R2Saga,2023,,Canada,"Though I only found out about the angel with the strong grip and beautiful voice later than most, she will always have a large place in my heart. I truly wish you happiness in your future no matter what path you choose! そして、ありがとうございます！"
serichii,2022,https://x.com/serichii4/status/1996379969849798669,Canada,"海外ニキです。日本語が下手ですからすみません。

かなたそは私の神推しです。3周年のライブの時に、へい民になりました。unravelはすごく感動しました。かなたそのおかげで私の日本語を上達しました。卒業は悲しいですけど、ただかなたその幸せを願うだけです。私とへい民たちも忘れないよ。ずっと大好きです。本当にありがとうございます!
おつかなた!"
Nana,2019,https://x.com/God0fBananas/status/1782065382544785508?s=20,Indonesia,"私の命を助かったありがとうございます。私の推しになったありがとうございます。私に希望を上げるありがとうございます。
この後、幸せください。死ぬまで、かなた絶対に忘れない！"
"@veegftw, @pon2493",2022,https://x.com/veegftw/status/1771052384674066799/         https://x.com/veegftw/status/1963813140522778705,,お疲れ様でした。全てに感謝します。かなたは私の人生において大きな励みとなってくれました。毎日かなたの歌を聴いています。全部で神曲すぎます。かなたが舞台に立つたびにいつも畏敬の念で私を震え上がらせる。もちろんかなたの配信はいつも楽しいし、私にもいつも笑顔を届けてくれる。かなたのツイートさえもが私の活力を高めてくれる。永遠に応援します。かなたが大好きです！
Bin,2023,,"Korea, South",今まで本当にお疲れ様でした。 最後まで私たちヘイミンたちはあなたのために笑うでしょう。 あなたがいるから私たちは救われました。 天使様、本当にありがとうございました。これからも感謝します。 本当に本当に愛しています。
Berris,2020,https://x.com/S_Berris/status/1782163021382537580,Chile,"Kanatan, thank you for everything. You've truly helped me grow, and I'll always be grateful for the joy of knowing you. While I'm saddened by your retirement, I'll continue to support you from afar. Even if these words from a humble fan don't reach you, I'll always remember you."
軒,2025,,Taiwan,いつもありがとう💙
헤이민,2021,,"Korea, South",고마워요. 사랑해요.
P1X3L,2021,,Vietnam,Thanks for everything!!!!!
LeoP,2024,,Vietnam,"Thank yopu Kanatan, you gave me a dream and i will alway treasure it. Hope you will be well on your next journey."
Zephyr 80s,2020,,Vietnam,あなたが私の辛い時期を支えてくれたように、あなたにもたくさんの良いことが訪れますように。
KuonTheEternal,2021,,Vietnam,"Thank you for everything you had done for Hololive and for us Heimins. 6 year is a long journey for both you and us. Please enjoy your time off and we hope your ears will heal once again,because if it's not,that's an really cruel fate for someone as talented,kind and adorable like you."
Magmaburn,2020,,United States,We will never forget the joy you gave to us Heimin <3
,2022,,"Korea, South",かなたそ、君はいつまでも私の歌姫よ。
あなたに救われた海の向こうの一人,2021,https://x.com/FriedRicevg/status/1996427451241767294?t=b7X6fV5DK6owe_ddYn4VrQ&s=19,"Korea, South",あなたの夢のために歌った歌に、この3年間一番辛かった瞬間に救われました。クローン病で何も食べられなかった病室で、何度も私に生きろと言ってくれたあなたの片羽を永遠に忘れません。今までも、そしてこれからもあなたは私の世界一のアイドルです。あなたの夢は、私にとっては絶対に未完成などではありません。本当に、本当にありがとうございました。あなたのこれからの健康と幸せを祈ります。今は日常を取り戻し、日本に就職することを目指しています。いつかどこかで、私も知らずのうちに、あなたにこの恩を返せるように。ですからその日まで、何にも折れず、気高くいてください。私の永遠のアイドル、永遠の天使。
Risuzu Yuki /りすず ユキ,2024,,Vietnam,"天音かなたんへ。
へい民になってまだ一年ほどですが、この一年で本当に多くの想いと大切な思い出をもらいました。
大げさではなく、あの時、何もかもにやる気を失っていた自分を救ってくれたのは、間違いなく天使であるかなたんでした。
どんな道を選んでも、これからもずっと応援しています。
一度へい民になったら、ずっとへい民。誇りに思っています。
もう一度、心から言わせてください。
かなたん、本当にありがとう。どうかこれからの道に幸せが溢れますように。"
Konstu,2020,,Vietnam,I will never forget you
FallenAngelVT,2023,,Canada,100万回、いや10億回「ありがとう」と言いたいけど、あなたが私たちにくれた喜びには到底及ばないわ。ありがとう、かなたちゃん。
Everchosen,2024,,"Korea, South",カナタンのおかげでアイドルを知ることができて、VTuberを好きになれた。絶対に忘れないよ。永遠に私の最推しだから！好きだよ！本当に大好きだよ！ありがとう！
Khang,2022,,Vietnam,本当に何と言っていいか分かりませんが、これからあなたが選ぶ道が常に幸運で幸せなものであってほしいと願っています。お体にはもっと気を付けて、病気が早く良くなりますように！（グーグル翻訳を使ったので、言葉が間違っていたらごめんなさい）
Strider_007,2020,,Australia,"To Amane Kanata,
When I first started watching hololive, you've been a wonderful, determined and kind-hearted angel with a wonderful voice, sense of humour and love for your fans. Thank you for the wonderful 6 years, and I'll always love you, Kanata! 
Much love, Strider_007."
Donut Maker,2021,,Vietnam,"Thank you for 6 years of hard-working, Kanata! i will miss you but i hope you will be happy in the future. Thanks for making me laugh so much in the past years."
Phạm Nguyễn Viết Thiện,2025,,Vietnam,"I don't know how to appease some one, so I only can say good luck, 
I was write a one shot for you (I'm a newbie writer) but I can't sent it there.
 Please try your best, because have me and very much Heimin accompany you"
Spwnr,2020,,Canada,"When I was first getting into Hololive, you were one of the first Japanese member I subscribed to. I remember hearing you sing and being amazed by your voice!
Your song, 別世界, is one of my favourite songs.
Thank you for being our Perfect Persistent Tenshi for all these years. Please take care!"
Hieucove,2020,,Vietnam,こんにちは、カナタ。あなたの健康状態がかなり悪いのは知っていますが、できれば健康を含めたすべての面で良くなることを願っています。いつも幸せでいられますように。いつかあなたに会えるといいですね。:D
Seto,,,Netherlands,"Last year I went to my first in person holofes and I still fondly and vividly remember your performance. Thank you for making my first ever in person fes special.

DeepL
昨年初めて参加した対面式ホロフェスで、あなたのパフォーマンスを今でも鮮明に、そして懐かしく思い出しています。初めての対面フェスを特別なものにしてくれてありがとう。"
"Trung, your fan from betonamu",2019,,Vietnam,私はあなたが過去に非常に努力したことを知っています、そして私は本当にあなたの決意に感心します。あなたは一生懸命働いてきました。私はただ、あなたがファンに与えるだけでなく、あなたの作品に与える高貴な人格を賞賛し、賞賛したいと言いたいだけです。あなたはみんなから愛と尊敬を受けるに値する。あなたの前のすべての未来がたくさんの喜びを持っていることを願っています、あなたがもはやアイドルでなくても、誰もがいつもあなたを応援します。もう一度ありがとう、そしてあなたの誕生日が私の誕生日でもあるなんて偶然でしょう。あなたをとても愛しています
duydoan,2020,,Vietnam,i hope you become the happiest person in the world kanatan
仮面Yamada,2021,https://x.com/Phantom_Yamada/status/1996463062824681654,Taiwan,大好きです！カッコ悪いでも、何年かかっても、いつでも帰ってきてください！ずっと待ってるから！まだまだかなたんと一緒にいたいです！
Cau Khay,2024,,Vietnam,"Thank you Kanata for the past 6 years. I love your singing, especially your long-high note. I love how you interact with Holo-mem and your tsukkomi is the best. I hope in the future you won't have to suffer any illness anymore. Love you my little angle <3"
juno,2021,,Australia,"長年にわたりあなたを見守るのは本当に楽しいことでした。あなたは私たちの誇りとなるアイドルへと成長しました。世界中が魅了され、私たちは決してあなたを忘れることはありません、カナタン。

これからの人生が幸せで充実したものになりますように♡"
,,,,"ハッキリ書いておきます！復帰でも転生でもどんな形でも構いませんのでまたいつか戻ってきてください！！
何でこんなの書いてるかと言われたら本当に帰っても良いなと思えた時に「あの時約束したしな…」なんて事で帰られなかったらものすごく悔しいからです！！
だからこそ！！そう思う時がくるまではこんな言葉も気にせずに貴女の行く道を進んで下さい！何があってもずっと応援してます！！"
Holosonal（ホロソナール）,2023,,"Korea, South","この時まで全力で頑張ってくれたかなたんに何と言ったらいいか良く分からないが、それでもこれだけは届いて欲しいです。
「かなたんが活動しながら見せてくれたその熱情と努力全てがへい民とホロリスナーのみんなに伝わってると、そしてまた僕にも届いた」と、届いて欲しいです。
そして、いろいろ辛い思いをしながらもここまで頑張って、ついにソロライブまでやり遂げたアイドルかなたんを、絶対忘れません。
この世からいなくなってもかなたんは僕の永遠のアイドルということだけは譲れませんww
ここまで、頑張ってくれたかなたんに感謝とこれからかなたんが行くその道に幸あらんことを祈ります。
幸せな人生になりますように。"
夢見る韓国niki,,,"Korea, South","天音かなたさんへ、

幼い頃から、両親は私がゲーム開発者になるという夢に反対していました。大学を卒業した後、持病も抱え、度重なる失敗に絶望していました。

でも、かなたさんが全ての困難を乗り越えてステージに立つ姿を見て、もう一度立ち上がろうと決心しました。

いつか必ず成功して、かなたさんの存在をもう一度みんなの心に深く刻みたいです。かなたさんの努力と意志が、みんなに届くように。"
カピ3,2024,,Japan / 日本,"ホロライブは GTAから知って、かなたんのツッコミでたくさん笑わせてもらって、元気を貰える存在でした。ファン歴は浅いですが、この一年をかなたんのおかげで彩りが増したものにできました！
幸せに健康に過ごせることを祈っています！
さようなら、お元気で"
kuuhakubee,2019,https://fxtwitter.com/KBee_Gaming/status/1996485195130978775,Vietnam,"Dear Kanata, hearing the news definitely shocked me. But first and for most, we'll wish on your future plans. Thank you for your contribution during my tough times in the past 6 years. Thank you for giving me motivation to continue even with difficulties."
TOKKPA2,2025,https://x.com/PTokkpa/status/1996486229626691598?s=20,Thailand,"かなたん、本当ありがとう。Kanata, you are one of the holomen who got me into hololive. Also I started learning japanese beacuse of you."
,2022,https://x.com/uoynix/status/1996104541163696408?s=46,Malaysia,I will always support you !!!
sword,2019,,United States,"You have made me a better person!
Thank you!"
Honza Ta,2021,,Czech Republic,"Thank you for always making us smile with your streams. You were there for us during the pandemic. Please do not forget us, as we will never forget you, as a Power Point Tenshi."
騎士アキZERO,2021,,Japan / 日本,かなたん6年間お疲れ様でした！あなたと出会えて私はとても素敵な日々を過ごせて仕事も頑張れて全部かなたんのおかげです！この先もあなたの進む先が幸せが多からんことを切に願います！かなたんずっと大好きですLOVE
H0r1nk1,2023,,Japan / 日本,"こんかなた💫
かなたんを知ったのは2〜3年前かな
突然ですが自分は先天性で片耳が聞こえません
その事にしっかりと悩んでる時にかなたんを知りました
難聴とかの持病がありながらも人一倍頑張ってる姿を見て元気を貰っていました
自分も頑張らないとな、しっかりと思いました
ありがとう
卒業と聞いて悲しかったけど、自分は「へい民」でい続けます
ありがとうかなたん"
Ruu,2023,,Japan / 日本,かなたそは本当に世界で一番のアイドルです！
,2020,,Vietnam,I will never forget you
Bui Gia Bao,2020,https://x.com/buigiabao1002/status/1914334910955078061?s=20,Vietnam,"この6年間、かなたんと過ごした時間は、私の人生で最も意義のあるものでした。
この世界であなたに出会えたことは、本当に大きな祝福です。
これからは、あなたの声を聞くことができない日々が続くと思うと、きっととても辛くなるでしょう。
でも、別れが人生の一部である以上、受け入れなければならないものだとも思っています。
私たちは、もしかしたら一度も会う機会がなかったのかもしれません。
それでも、あなたが世界のどこにいても、遠い国から、あなたの残りの人生がずっと幸せでありますように、と心から願っています。
かなたん、ばいばい！"
Heewon,2021,,"Korea, South","あなたの情熱的で、どんな時もあきらめないお姿に、そっと心惹かれておりました。
お別れするのは本当に名残惜しいですが、いつかまたお会いできる日が来ることを静かに願っております。
あなたからいただいた幸せを、これからも大切に胸にしまっておきます。
私は本当に幸せな 'へい民' でした。

どうかご飯をしっかり召し上がって、いつもお身体を大切になさってください。
これからもずっと応援しております。
心から、愛しております。"
Moa,2021,,United States,I am a lurker and I rarely speak in chat but I hope you know I will support you forever!
Shrimp1506,2020,,Vietnam,"Thank you Kanata, we will remember you forever!!"
OWING,2020,https://x.com/owing6421/status/1995779129124311507?s=20,"Korea, South","卒業のニュースを聞いて本当に心が痛くて手紙を書くようになりました
YouTubeを初めて見始めたのもこんなに寒かった冬でした。
初めて歌を聞いてあなたの声に陥り、毎回応援して見守りました。
制作年には韓国で軍隊を行く風に本当に大変で惨めな時間を過ごしましたが、その中で日課を終えて見るあなたの放送は私の人生の原動力になるほど幸せでした。
今回の卒業ニュースを聞いて、とんでもない泣きました。
しかし、放送を見て私たちのためによく頑張ってくれたようで申し訳ありません。
卒業後、今より幸せになるよう応援したいです。
ありがとう
지금까지 방송해줘서 정말 고마워요 -한국 헤이민 owing-"
Oreo Oshida,2021,,Belgium,ASMRをありがとう。声が好き。私はかなたを絶対に忘れない。あなたが他のメンバーと交流する姿を見るのが大好きでした。これからもずっとあなたの音楽を聴き続けます。Love from Belgium
Mage,2020,,Canada,o7 PPT
Jakklin,2020,https://x.com/NeyJakklin/status/1459497046109409288?,Australia,I wish you the best Kanatan. I hope you rest well and stay connected with your friends. Good Luck with everything! ありがとう. おつかなた! Bye Bye.
Nat_Anunta(Syrup),2020,,Thailand,かなたん、本当に今までありがとう。タイから心を込めて…あなたのことが大好きです。これから歩む道が明るく輝きますように。あなたはずっと、私の太陽です。
カプチーノ,,,,今までありがとうございました！ 苦しい時、かなたさんの歌を聞きながらたくさん慰められました。 本当に幸せな時間でした！ 大好きです！
プーリン、タイからのへい民,2020,,Thailand,"かなたん、6周年おめでとう。最初から最後までありがとう。
かなたんから貴重な時間と思い出をたくさんもらいました。へい民にしてくれてありがとう。
すっと僕が死ぬまでへい民だよ、だからかなたんに絶対に忘られないよ。
卒業おめでとう。"
Người dõi theo các vì sao,2020,,Vietnam,6年間一緒にいてくれてありがとう。配信を見て楽しかったことも、ゴリラってからかって怒られたことも忘れないよ、でも、どんな楽しみにも終わりはありますし、どんな旅にも終着点があります。最初は、あの馴染みのある姿がなくて寂しくて泣くかもしれませんが、心配しないでください。私たちヘイミンはとても強いです。最初はとても寂しくて空虚かもしれませんが、私たちメイミンは大丈夫です。どこに行って何をしても、私たちは常にカナタの決断を無条件にサポートします。だからカナタに幸運を祈るよ、ヘイミンは決して忘れないよ...ホロライブの可愛くて強い天使、さようなら 天音かなた💙💙💙⭐️⭐️⭐️
,2019,,United States,May you find success in all that you do. Thank you for the joy you brought over these 6 years.
モチの本,2022,,Japan / 日本,"かなたんへ
言いたいことがいっぱいあるけど先にありがとう！
かなたんを知ってから3年最初はアイドルなんかなんて思っていたけれどかなたんにささえられたこともありました。今ではバイトを始めてすぐにメンバーに入り約２年かなたんが卒業をするって知り胸が痛くなるくらいにかなたんのことが好きになりました。
かなたんのこれからを応援しています。
かなたん今までありがとう！！これからもアーカイブや歌を見て元気をもらうね！！"
pig2295,2022,,Taiwan,"私は日本語が分からないので翻訳ソフトを使いました。
推し始めてまだ3年も経っていませんが、この時間の中でずっとかなたさんの歌を聴いてきました。
日本語は分からなくても、毎回の配信を欠かさず見ています。

気持ちが不安定な時、かなたさんの歌声を聴くと心が落ち着きます。
これから先も、かなたさんの歌声は私の心の中にあり続けます。

何よりも、この天使が私に幸せと生きる力を与えてくれたことが忘れられません。
私はこれからも天使の歌声を聴き続けます。

私の人生に現れてくれて、本当にありがとうございます。
この時間は、私の一生で最も大切な宝物です。
お疲れさまでした。ありがとうございました。"
夢梨子,2020,,China,"「当时只道是寻常」――それは、本当はかけがえのないものが、ただの日々の繰り返しだと見過ごされていたという意味です。
かなたんが活動を始めてからの六年間。私はあなたの声を聞き、ゲーム実況を見られ、歌を聴き、ライブを見る。それらはすべて、永遠に続く「ただの日常」でしかないと、どこかで思い込んでいたのです。
今、ようやく気がつきました。この六年間は、儚くも、途切れることなく続いた奇跡の連続だったのだと。
この奇跡は、私の胸の中で、永遠に大切な輝きとして生き続けます。
すみません、私は本当に不器用で、AI翻訳に頼ることしかできません。でも、今伝えなければ、もう永遠に伝わらない。"
kanea,2020,,"Korea, South",かなたそ、6年間お疲れ様。私が一番つらくて疲れた時、かなたそを初めて知ってやりたいことがあるけど、他の要因のせいでできなくなった時、かなたそは諦めずに最後まで夢を追いかける姿に私は勇気をもらった。今まで放送のおかげで楽しかった。じゃあ、天界に戻って幸せに過ごせたらいいね。じゃあ、おつかなた~
yetiorz,2023,,Malaysia,I will always miss the strong vocal gorilla that gives her 200% to get the work done. Good luck further and have a good life ahead!
AylwinB,2021,,Singapore,"Thank you for bringing joy, 喜びをもたらしてくれてありがとう"
Loliwut,2019,,United States,"あなたのことがいなくなると、とても寂しくなります。
この6年間は本当に素晴らしい時間で、これ以上のものを望むことなんてできませんでした。
あなたがいなくなった後も、どうか幸せと恵まれた未来がありますように。
本当にありがとう。"
cauchips,2021,,Indonesia,"Kanata, your kindness, strength, and beautiful heart touched so many people. Being Kanata, you brought light, comfort, and courage to the world. Thank you for sharing your voice and your gentle spirit with us. I hope your future is filled with happiness."
楓糖,2021,,Taiwan,楽しいお時間をありがとうございました。卒業なさることになりましたが、残念ですが、卒業したら早くお元気になってください。お会いすることはできませんが、へい民としてのこの4年半は、私の人生で最高の思い出となるでしょう。お会いできて本当にありがとうございました。
Kyo,2020,,Australia,"Kanata! I still can't believe you're graduating... I watched you debut so long ago, since I was young, so it's unbelievable how many years have passed and how much we have grown. You are so hardworking, loving, and strong. Please take care of yourself and be happy!"
lAngelingl,2022,,Singapore,I wish you all the best and happiness in your future endeavors!  今後のご活躍とご多幸をお祈り申し上げます！(DeepL)
SeasonalKappa,2021,,United States,かなたさん、アイドルとしてのホロライブの魅力に目覚めたのは、あなたの声のおかげです！もう二度と、あなたの声のように誰かの声を楽しめることはないと思います。(Google translated)
Sol Bentovisky,2022,,Brazil,あなたは私の永遠の推しで、最も美しく楽しいVTuberでした。神のご加護がありますように
赤ワサ「ウォバー」,2020,,"Korea, South","この文章を、あなたに届くことを心から願いながら書きます。
つらい時に支えになってくれた かなたそ に、いつもありがとうと言いたかった。
これを読んでくれるかはわからないけれど、最後の機会だと思って書いています。
これまで かなたそ にはたくさんの楽しさと幸せをもらってしまった。
だからこそ、僕もそれ以上の幸せを かなたそ に返せる人になりたいと思っている。
へい民 は かなたそ をずっと応援しているよ。
どんなことをすることになっても、うまくいくように願っている。"
S. Nguyen,2022,,United States,"We love you Kanata! Thank you for everything! [特者生存ワンダラダー!!] will always be special to me. It made me realize Hololive was more than just for gaming livestreams. Even if it is only for yourself, please never stop singing! You will always be our strongest angel and my oshi! (And the best gorilla)"
Niko,2020,,United States,"Thank you for the fun, and good luck in the future!"
KazumA,2024,https://x.com/kazmax666/status/1996296616052248778?s=46&t=kdVTYx9sQwhvZlwmqHg0_A,Japan / 日本,"かなたん、6年間活動お疲れ様でした！
自分はここ数年でへい民になった者です。
へい民になってからの期間はそこまで長くないかもしれませんが、とても幸せな時間でした。
自分がしんどかった時、かなたんの歌声や配信に何度も元気付けられました。
本当にありがとう！！
かなたんのアイドルとしての美学、本当にかっこいいし尊敬します。
貴方はいつまでも、自分にとって世界で一番のアイドルです。
文字打ってたら色々と思い出して涙出てきた…笑
それだけ、自分でも気付かないうちにかなたんの存在が自分の中で大切な物になってました。一生の宝物です。
どうかいつまでも健康で、幸せになって下さい！
だいすきです！！！！！"
くろな,2024,https://x.com/mamine_kurona/status/1996763645431500873?s=20,Vietnam,「こんなに苦しむのなら出会わなければよかった」ではなく、「たとえ一瞬でも君に出会えた方が、君を知らずに百年生きるよりずっといい」でしょう。
,2021,,Thailand,かなたんが医学部での頑張る原動力になっています。
Lim jun,2023,,"Korea, South",かなたそ！2年前からかなたそのことお応援してる韓国のへい民です！僕はかなたその笑顔がかわいすぎで、そして人生の苦難屈服しないかなたそのことが好きでへい民になりました、卒業後も笑顔ばっかりでしやわせな人になってぐださい！
星宮ステラ,2022,,Japan / 日本,かなたんの歌声に魅了されて3年前にファンになりました。あなたのおかげで生活が一変しました。初めてのアルバムは私が初めて買ったCDでした。LOCK  ONも初めて見たライブでした。かなたんに会えなければ私の人生は全く別のものになっていたと思います。かなたんのこれからの人生が幸せなものになることを願っています。今までありがとうございました。
Deserf,2020,,Thailand,"お疲れ様でした!　お体に気をつけてください。
タイファンクラブから。"
A_kun,2019,,Vietnam,"かなた、心から愛しています。
​この知らせを聞いた時、私は本当にたくさん泣きました。私にとってかなたは、この人生においてかけがえのない一部です。私はあなたの歌声が大好きです。本当に素晴らしいです。
​だから、私の強くて美しい天使よ、どれだけ時間が経っても、私はこの小さな天使のことを決して忘れません。
​最後に、かなたが素晴らしく幸せな新しい人生を送れるよう心からお祈りしています。"
,2024,,United States,かいがいにきです！日本語を勉強します。かなたの歌がめっちゃ大好きです。ホロライブに残ってほしかったけど、幸せになってほしいです。かなたは世界で一番のアイドル！ありがとう！！！(≧▽≦)✧
NamNguyen098,2024,,Vietnam,"Kanatan,Thank You so much for all your hard works.your sololive so peak,i wish all the better thing for you.stay Healthy okay,don't forget to meet Kaichou Moco"
TW-夜雨VNR,2023,,Taiwan,"Kanata さんにこの文が届けば嬉しいです。
僕は台湾のへい民で、けっこう重度のロリコンです。最初の印象もロリ寄りでしたが、歌声やツッコミ、握力ゴリラネタを知って、僕は一生推すと決めました。メンバー歴は13ヶ月で、グッズもできる限り応援してきました。

12/2 に友達から卒業の知らせを見た瞬間、心が一気に沈みました。Aqua の後で、まさかあなたまで…。「今回はちゃんと推せたのに…ライブも来年また挑戦するつもりだったのに…」と何日も気持ちが揺れました。

SNS を開くのもつらい日が続きましたが、それでもあなたがネットの世界を離れて、望む人生を歩めるよう心から願っています。"
Alfonso.C,2019,,Chile,"Know that u touched so much people in this whole 6years of life, with your singing and happiness you make so much people happy, thank you so much for all these years making us happy, you where more than a streamer or an idol, I only hope good things in life cause you are  an amazing person. Farewell"
mooogs_,2022,,United States,"You will always be the strongest angel idol to me, thank you for everything Kanatan!"
ザフキエル・α,2020,,,こんにちは、かなたん。ザフキエルです。５年前からずっとファンです。最近日本語を学び始めたばかりでまだあまり上手じゃなくてごめんなさい。でも、かなたんみたいにもっと頑張ります。言いたいことは、人生のこの5年間を一番素晴らしい時間にしてくれて本当にありがとう。これからも、かなたんのファンとしてずっと応援し続けます。おつかなた!
Mercenary128/DiegOismo,2021,https://x.com/diegOismoCh/status/1955292668906397804/photo/1,Peru,人生は不公平だ。生まれた時の体は選べない。でも君は与えられたものをどう活かすか選んだ。君の歌声は何百万もの心に届いた。出会った仲間たち、君を愛した人々を決して忘れないで。成し遂げた夢は全て君の力だ。君ならどんな困難も乗り越えられる。世界一のアイドルへ、これが最後のメッセージだ。この世に生まれてきてくれてありがとう。私の音楽の天使でいてくれてありがとう。天音かなたでいてくれてありがとう。DeepL
ymet0,2020,https://x.com/ymet024739/status/1996227783836737737?t=Yce9SynQnsaaSWzDqTLVLg&s=19,Hong Kong,私の人生の4〜5年間に現れてくれてありがとう。人生のどん底にいた時に、いつも静かに支えてくれてありがとう。ライブを続け、歌い続けてくれて。あなたが笑ったり泣いたり、ソロライブまでする姿を見て、私は本当にあなたを誇りに思います。普段はあまり体調が良くないことは知っていましたが、こんなに早く行ってしまうとは思っていませんでした。でも、お別れのプレゼントとして、世界で一番エキサイティングなライブの一つを送ってくれたことに感謝しています。体に気をつけて、元気に暮らしてください。あなたのことを決して忘れません…あなたはいつも私の心の中で一番大切な存在、いつも私の心の中で最高、世界で一番の天使です。
Kaisei💫,2025,,Japan / 日本,"本当にお疲れ様でした！
本当に大好きだよ！
これからはしっかり休んで幸せな人生を送ってください！"
,2023,,,"かなたんへ
あなたはいつまでも私の、私達へい民のアイドルです"
doge,2020,,Taiwan,"あなたの歌声が大好きです。あなたは世界一のアイドルです。
この数年間、そばにいてくれてありがとう。
これからの未来が幸せでありますように！"
arbrog,,,United States,Your sololive was amazing! Thank you for everything!
Keishima,2021,https://x.com/Keishima16/status/1997533153867841888?s=20,Singapore,"Thank you for the 6 years Kanata.
Hope you have a wonderful life after graduation."
yuki💫@Sam47711,2021,https://x.com/Sam47711/status/1957732505018359846/photo/1,Japan / 日本,"かなたんに出逢えて幸せです。
君は私の人生そのものです。大好きで大好きで、一生の唯一の推しです。
私にとって世界で一番のアイドルです！
一生君を推し続け、追い求めていきます。
できたらまた出逢って、歌を、声を聴かせてください。
かなたんのこれからの未来が幸せであることを、ずっと願って生きていきます。
出逢ってくれて本当にありがとう！大好きだよ！"
Noareames,2020,,Canada,"I fell in love with your singing in an instant and my love to you will last forever.
Your idol story is an inspiration. I was sad when you were sad and I was happy when you were happy. I wanted to see all your dreams become reality.
In the end, I will always be wishing for your happiness. Thank you."
Basephoth,2023,,Vietnam,"君は推しじゃないけど、みこの声真似から知って好きに。配信見て、いいね、BGMに。病気を心配（ぐらむめいはあと後）。夢とみんなのため頑張る君に感動、大事だよ。
4期投票、わためトワルーナ好きだけど君選ぶ。
卒業ニュースで涙、沈みたい。でも人生続く、笑顔で送ろう。小さな強い天使にさよなら。幸せ願う。アイドルじゃなくても病治り、メニエール克服、先進医療早く発展。更新で戻れば十分。
僕、画家兼作家、ホロメンヒーローシューター風叙事詩ファンフィク。ぐらむめい卒業後始めた。諦めず完成公開、残る人去った人に愛記憶伝える。
ありがとう。幸せに。休んで。残り全力、アーカイブ見る！また会える。"
Bubbul07,2020,,United States,"かなたん、あなたが卒業してしまうことは本当に悲しいけれど、6年間あなたを見守ることができてとても幸せでした。デビュー当初から、あなたはずっと私が最も尊敬しているホロメンの一人です。あなたの努力家な姿勢や数々の成果は、本当に大きな励みになりました！
大変なことも多かったけれど、あなたが努力し成長していく姿を見ることは本当に私を励ましてくれました。あなたのソロライブは一生忘れません。世界の反対側から飛んで行った甲斐があった、と心から思える一生の宝物です。
もうあなたを見ることも、歌声を聴くこともできなくなるなんてあまりにも寂しすぎます。だからまたどこかで会える日まで、どうか元気でいてくださいね！"
,2022,,"Korea, South",今までありがとうございました！大好きだよかなたん！
Remurin,2024,,Kazakhstan,"去年、かなたんに出会えて本当に良かったです。困難な時期に支えになってくれたこと、とても感謝しています。その素晴らしい歌声、優しさ、そして可愛さに、当時すごく惹かれました。
特に「Color Rise Harmony」やソロライブを経て、応援したいという気持ちが今まで以上に強くなりました。これからも、何があってもずっと応援し続けます！かなたんの健康と、これからの輝かしい未来を願っています。
かなたんが私の「推し」であることが、私の誇りです。ありがとう、かなたん。いつも本当にありがとう💫"
ケイ,,,"Korea, South",幸せになってください。
Cymon,2025,,Spain,"こんにちは、かなたさん。知ってからまだ短い時間ですが、それでも配信を見ているととても安心できましたし、卒業されるのを見るのはとても辛いです。もっと早くカナタさんに出会えなかったこと、本当に申し訳ありません。ホロライブは私の人生を変えましたが、カナタさんは短い間でも、その中で最も大きな影響を与えてくれたホロメンの一人です。
カナタさんがいなくなると同じにはなりませんが、なんとか乗り越えます。
今まで本当にありがとうございました。決して忘れません。
お元気で。私たちはみんなカナタさんのことを愛しています。
By:DeepL"
Echo（エコー）,2020,,Thailand,"いつもたくさんの幸せを届けてくれて本当にありがとう。
かなたその歩んできた物語、あふれる才能、そしてどんな時も前に進む強さは、私の心に深く響いています。
その姿にたくさん勇気をもらい、私もあなたのように一生懸命頑張りたいと思えるようになりました。
どうかゆっくり休んでください。
これまでの努力は、誰よりも輝いていて、そして誰よりも尊いものです。
本当にお疲れさま。"
Boid,2019,,Australia,私の中にアイドルファンを蘇らせてくれて、ありふれた日常に喜びをもたらしてくれてありがとう!!!
隠れて見えない赤座,2021,,Japan / 日本,"かなたんお疲れ様でした！
ホロライブを知ったきっかけがかなたんとの出会いでした。いつも楽しく配信している姿やアイドル活動に対する姿勢、歌を歌っている姿を見ていつも元気をもらっていました。卒業発表からまだ立ち直れておらず、卒業して欲しくないのが本音ですが、かなたんの覚悟を聞いて、改めてこの人を推して来てよかったと思いました。
卒業後はゆっくりとした生活をして幸せになって下さい。でも、もし歌をまた歌いたいと思た時は全力で応援するのでかなたんの歌声をまた聴かせてくれると嬉しいです。
これまで本当の本当にお疲れ様でした、貴方の新しい旅路に幸がありますように！"
,2022,,Japan / 日本,今までありがとうございました。 カナタン。カナタンがいてくれて幸せでした。幸せになってください。
수인,2025,,"Korea, South",Vtuberを知り、天使の天音かなたを好きになってへい民になってから、まだ1年も経っていませんが、あなたを送り出さなければならないのが本当に悲しいです。過去の配信を見てへい民になり、そして数ヶ月の間、あなたのおかげで幸せでした。昔のあなたと今のかなたんで気持ちは少し違うかもしれませんが、私はこれからもずっと応援したいです。世界で一番のアイドルのファンになれて光栄でした。幸せをありがとう。日本語が得意ではないので、韓国語から翻訳して送ることをどうか許してください。いつも幸運と健康がありますように。おつかなた！
Morker,2020,https://x.com/i/status/1998222808476942370,Mexico,"Please be happy on your next life, Kanatan. You'll always be in my heart."
Maki/Lemoron,2023,https://x.com/Lemoron2/status/1998262602460442655,United States,こんかなた！今月は私たちと同じくらい君も大変だっただろうね。終わりが近づく今、世界中から届いた応援と愛が君に届いていることを願っているよ。君はここ数年で大きく成長した。そしてへい民衆は君がナンバーワンアイドルへの道を歩む間、ずっとそばにいたんだ。私のナンバーワンでいてくれてありがとう。素晴らしい音楽を届けてくれて、配信を続けてくれて、そして些細なことかもしれないけれど、いつも私を幸せにしてくれたあなたの笑い声に感謝しています。あなたのくすくす笑う声は、私にとって世界で一番可愛いものなんです。どうかお元気で、かなたん。もう二度と直接会えなくても、あなたのことを応援し続けます。へい民は一生もの！
Shoki Amatsukami,2020,https://x.com/shokiamatsukami/status/1996988737365201098?s=46,Philippines,"Dear Kanata, during the dark days of the pandemic your streams made me laugh and want to live forward again. Because of you I sing, play instruments and write stories about my demon hunter OC Shoki and his angel friend Kanata. Even after graduation, you’ll be my screen angel and my best friend."
モカ,2021,,"Korea, South",一緒に過ごした4年間、本当に幸せだった。 かなたんは私の運命を変えてくれた人だった。 本当にありがたいし、これからも幸せでないと。 いつでもどこでも応援するよ。
SunTalk,2022,https://x.com/SunTalk1221/status/1998390766163591654/photo/1,Taiwan,"かなた、この数年間、寄り添ってくれて本当にありがとう。あなたの歌声は、私にとってかけがえのない時間でした。
これからの人生が、すべて順調で、健康で幸せであることを心から願っています。
卒業しても、これからもずっとあなたの歌を聞き続けます。
私は永遠の へい民 です。"
sayu,2024,,"Korea, South",私たちも絶対に6年間の天音かなたを忘れない
Ryans,2019,https://x.com/i/status/1998624898764386607,Indonesia,"かなたへ
この6年間の思い出を本当にありがとう💙💙💙
かなたに出会えて、ホロライブを知ることができて感謝しています。
あなたのこと、特にあなたの美しい歌声が大好きです。
これから先、かなたの未来が幸せで満たされることを願うばかりです。
インドネシアのHeiminより "
Xemmy,2024,,Malaysia,"I'll always love your singing, thank you Kanata!!!!!"
TinyBell,2024,,"Korea, South",翼がなくても、手裏剣がなくても、もうアイドルじゃなくても、あなたはこれからも私の星です。 今まで本当にありがとうございました。あなたの将来に祝福がありますように。大好きです！！💫
woong,2024,,"Korea, South",日本語が下手なので翻訳機の助けを借りています。 あなたは本当に尊敬されるべき道を歩んできました。 行かないでほしいとお願いしたいのですが、そうしないあなただとわかっているので、ただ幸せに暮らしてほしいです。 最後まで、またその後もあなたを応援します。 私のアイドルでありゴリラであり天使であるあなたを愛し、愛しています。 会いたくなると思います。 最後に結婚は必ずしてください。카나타바보
sbih_Lockon,2020,,United States,"Thank you for these 6 years together Kanata! Although this is goodbye, I will never forget you. I will always listen to your songs and rewatch your videos forever. I wish you will always be happy in your future!"
Naenelus,2019,https://x.com/i/status/1999090222454460442,Malaysia,"Dear Kanata, 
Thank you for bringing all the happiness and joy for this entire moment.
I'm may not be an active fan and always be lurking in chat, but you will always be my no.1 in my heart.
I will always pray for your well-being and will always wishing for happiness for your life. "
Teriyaki,2020,,Indonesia,こんにちは、カナタ。もう卒業するんだね…私はまだ初めて君を見た時の気持ちのままなんだ。君が私たちファン全員を離れていくのは本当に悲しいよ。どうか、いつも応援している私たちのことを覚えていてください！！ごめんね、大学が忙しくてあなたの配信をあまり見られなかったのに、突然卒業を発表しちゃって…だから時間を作ってこれを書いてるんだ。多分これが最後になるかもしれないから…どうかお元気で、これからも頑張ってね！！！
FirstWTM,2021,https://x.com/Just1Watermelon/status/1999535986712134043,Thailand,"Thank you for everything in the past 6 years, Your voice and effort to be an Idol helped me get through my darkest times in my life.
For me,  Heimin, as long as you're happy, I'm happy too.
Hope you have good health and success from now on.
I will always remember you, my ""Idol"" tenshi."
ぽたろう,2025,https://x.com/pota_maru897/status/1966548674009591935?s=46,Japan / 日本,卒業は寂しいけど、こんな可愛い世界で1番のアイドルに出会えて良かった！！楽しい日々をありがとう！！！僕は幸せだったから、かなたんも絶対幸せになってね。
アルシエル,2020,https://x.com/i/status/1999735192664310187,Philippines,長年頑張ってくれてありがとう。初めて君を見つけた時、僕は人生で一番落ち込んでいた。でも、君を見たり聞いたりするたびに、僕は前を向いて生きて、人生でベストを尽くせると感じた。私もあなたのおかげで日本語の勉強を始めました、そしてかなり上達しました！今、君にも同じことを願っているし、これからどんなことがあってもうまくいくことを願っている。気をつけてね、かなたん。今までありがとう！
バイン,2021,,Japan / 日本,"世界で最高のアイドル、かなたん！
かなたんを知ってからこれまで沢山の想いを貰いました。
いつまでもかなたんのことを応援し続けるよ！
どうか、健やかに楽しい人生を過ごしてね！"
Scilk607,2020,,United States,"I would think about how far Kanata went in achieving her dream despite the several hurdles in life that would have made most people give up, and that if I gave up during tough times, could I really call myself a true fan if I don’t follow her example?"
happyハッピー해피,2023,,"Korea, South","かなたんに会えて幸せで楽しかった
かなたんこの努力する姿を見ては
私も小さいことから努力しながら生きるようになりました。
かなたんこのいつも私たちを思ったように
私もいつも楽しい思い出として記憶するよ
これからの未来にいつも幸せになるように祈るよ
ありがとう"
Shianu,2020,,France,"Thank you for everything ! For being my oshi, make me smile, laugh and everything ! ! ! Thank you !"
Greedy Lich,2020,https://x.com/LichGreedy/status/2000251181332070773,Poland,"最高6年間ありがとう！
ずっと応援し続ける！
かなたん大好き！"
Slippy｜スリッピ,2023,https://x.com/slippybubby/status/1995783790107787485/photo/1,United States,日本語勉強中なので、変だったらすみません。アメリカで二年間かなたのキーチェーンをカバンに付けてます。いつもありがとう！応援してます！かなたの歌声は大好き、そして、かなたのツッコミと性格は一番面白い！お大事にね～！
Yushiro,2021,https://x.com/yushirocos/status/2000262324528304578?s=46,Malaysia,私にインスピレーションを与えてくれてありがとうございます。今までお疲れ様でした！
Mogeko,2020,,Italy,Thanks for everything Kanata!!! Good Luck for the future and have a lot of Gorilla luck!!!
Raiko,2020,https://x.com/Bloodedge14/status/2000326385995534830,Netherlands,Konkanata! hello Kanata i hope what ever you have planned for the future will bring you happiness!
Aaron,2022,https://x.com/gnunicorn11/status/2000344558807511424,United States,"下手な日本語を許してください！
天音かなたへ、
長年にわたる活動、本当にありがとうございました。配信を見ると、幸せになります。歌うのを聞くと、感情的になります。面白くて、親切で、勤勉な人です。
ソロライブコンサートを見るためにアメリカから日本に来ました。ステージで君を見ると、すぐに喜びに満ちました。それは私の人生で最高の思い出の一つです。
かなたんいつも応援しています！ずっと、ずっと私のきらきら輝く天使です。"
ZXE,2020,,United States,Thank you for being the cutest tenshi and best idol in all the world! You'll still be my #1 after graduation! I hope your future dreams and wishes come true!
マキマイト,2023,,Japan / 日本,6年間本当にありがとう！今まで楽しかったし、助かったし最高の時間でした。正直、寂しいし悲しい気持ちが強いけど、この先、健やかに過ごしてください。かなたんは我々へい民にとっていつまでも『世界で一番のアイドル』だぞ！
Okayest,2020,,Mexico,"Thank you for everything, I watched you from Mexico, and wish you the best in your life, I will never forget you Kanata!, you are a true Idol and a very talented and kind person, and your singing and words will be forever in my heart"
Ryoshi,2020,,Chile,Thank you for everything Kanata!!! I will always love your songs and passion for music!
,2020,,,"Thank you for being in Hololive. You are really good at Dark Souls, I love watching your streams. Thank you for the memories Kanatan! You are my favorite and I will miss you and your singing."
TheDinoflagellate,2020,https://x.com/xDinoflagellate/status/1999003014267359692?s=20,Canada,"Thank you Kanatan. You are the best. I love you, always and forever!"
ジェ－,2024,,Thailand,"天音かなたが大好きだ！
どうしても消えてほしくないなー
かなた！俺たちを置いて行かないでぇ！ここまで付いてきたのに勝手に消えるな！
卒業した後でも俺たちは君のことを応援し続けるから
だから君も幸せで生かないと許さないよ！"
CuteNepgear,2021,,Malaysia,Thank you Kanatan for being best best tenshi!
Vulmpix,2022,https://x.com/Vulmpix/status/2000925870278762902,Indonesia,"Thank you Kanata for all the songs, covers and streams you've made. we will miss you but we wont forget you. best of luck on your path forward"
YukikazeKai,2020,https://x.com/MyDevilYohane/status/1955599743264104486/photo/1,Philippines,i love you forever Kanata <3
RinSenpai,2020,https://x.com/RinSenpai135/status/1996668931399209471,France,"Thank you Kanatan for these 6 years! Un immense merci pour toutes ces années passées ensemble!
I'm a fan from France who admires your talent and your personality, and I wish you happiness for life!
かなたん、6年間ありがとう！
フランスから応援しているへい民です。あなたの才能と人柄に心から感服しています。末永くお幸せでありますように！ かなたん大好き！"
白羽,2024,,Taiwan,"かなたんが一番大好きです。
日本語はあまり得意ではなく、よく聞き取れないこともあって、切り抜きしか見られないこともありますが、それでもかなたんの配信を見ているととても幸せな気持ちになります。
声も、歌も、ツッコミも、全部が本当に可愛くて大好きです。
かなたんがこのまま卒業してしまうと思うと、本当に寂しくてなりません。
グッズや壁紙も、すべて宝物として一生大切にします。
かなたんがいつ戻ってきても、私たちはずっと待っています。
いつかまた、「きちゃった」て　私の耳に響く日が来ることを心から願っています。
"
そら19,2023,,Japan / 日本,"カナタ、本当にありがとう。
卒業後も、また歌ってくれる日が来ることを心から願っています。
あなたの歌声に強く惹かれました。

これからもずっと応援し続けます。
今までの活動、本当にお疲れさまでした。
あなたと過ごした時間は、私にとってかけがえのないものでした。

つらくてしんどい時期、あなたの配信に何度も元気をもらいました。
本当にありがとう。
"
Shroob,2021,,France,Love love love
尾場加イッチ,2025,,Japan / 日本,"ホロライブ界で一番好きだったホロメンはかなたんでした！
卒業してしまうことにめっちゃ惜しんでいますが、歌活動はやめないでください！
「諦めなくて、良かった」って言うかなたんは俺の中で世界で一番かっこいいんだよ…！
かなたん大好き！！！！！"
,2019,,Philippines,Kanatan I'll miss you and I hope you take care of yourself and remember to take a rest off if your feeling tired. Love from Slime_desu.
@Renaa_uta,2020,,Indonesia,"かなたさん、ありがとうございます！5年前、かなたさんの歌声に救われました。私もその頃から歌い始め、今も続けています。今でもかなたさんの歌ってみた動画をMIXしたいと夢見ていますが、叶いそうにありません。（若いうちから聴力が弱まり始めていますが、それでもまだ望んでいますwww）
美しい歌声で私を強くしてくれてありがとう。これからも生き続け、精一杯頑張ります。いつかかなたさんの新曲を聴ける日を願っています。

これから訪れる困難な時、かなたさんの美しい歌声がきっと恋しくなるでしょう。

本当にありがとう！
生きるねかなたさん
:))"
,2024,,United States,"Amane, Thank you for the incredible six years of your activities as a VTuber.

I will never forget the amazing memories you've created.

I wish you all the best in your next chapter and for a healthy and happy future. Merry Christmas.
"
,2025,,Thailand,六年ぶりにお疲れ様でした。私たち全員は天音さんのことを天に行くまでにわすられません。だから私たちは天に行くとき私たちを迎えにください。日本語はちょっと悪くってすみません、私の日本語力はそんな強くないです。おつかなたです。
Saichi,2020,,Philippines,"These past six years has been a blast. I love your smile. I love your beautiful voice. I love you just being yourself. You are very talented. You have a massive impact on my life. I will never forget you. I will cherish this forever. Thank you for everything, Kanata. お疲れ様です🩵"
Robert Dexter (Dexteru/Dex),2022,,Indonesia,私はDexです。ずっとあなたを応援してきて、あなたを“バーチャルの妻”みたいに大切に思っていました。お金持ちのファンみたいにたくさん投げられないけど、あなたの配信はいつも楽しみで、ソロライブも本当に嬉しかったです。卒業の知らせはすごく悲しくて、心に穴が空いたようでした。でも、あなたの選んだ道だから、前向きに受け止めようと思います。ずっと素敵な時間をありがとう。あなたの未来が明るいものでありますように。
Luthyrene (Luth/Luthy),2019,,Indonesia,カナタさん、一つだけお願いがあります。どうか無理をしないでください。アイドルが私たちを楽しませるために無理をしているのが辛いです。どうかお大事に。
にろにろ,2024,https://x.com/nironiro_ro/status/1908790287536972181?s=20,"Korea, South",私の人生で一番深く入ってきた最高のアーティスト。どんな形でもいい。最初は「今日はなか卯食べた」くらいの日常の共有でもいい。 いつまでも待つから元気になった姿でまた歌を歌ってくれ。 本当に本当に大好きだよ。天音かなた🥰🥰🥰
MINICUBANT,2019,,France,Thanks for your hard works! <3
kirakiraAZK,,,Indonesia,"Even after graduating, please... you still must make song! Your song saved me and make me happy. And thanks for incredible 6 year in hololive. Hope you happy after all"
Pixeluchiha,2020,,United States,"2020年、英語話者の私のYouTubeに日本のVTuberのマイクラ配信が流れてきた。興味でクリックすると、天使のような彼女が面白く最後まで視聴。それがきっかけでホロライブを知り、5年半の旅が始まった。その間、かなたはいつも心にあった。優しく努力家で面白く、歌声も素晴らしい。ホロライブは大好きだけど、かなたを見つけた時はホロライブを知らなかった。僕にとって、ホロライブ以前にいたのはかなたんだった。君がいなくなるのは寂しいけれど、見守れた日々を幸せに思う。これからの未来が、苦労を乗り越える価値のある喜びに満ちていますように。
Thank you DeepL for the translate."
SpoonMaster,2024,,United States,"天音かなたは僕の初めてのアイドルですよ
かなたんは日本語を学ぶ理由がくれました
これまでにしてくれたこと、本当にありがとう!
おつかなた！"
TIo,2021,https://x.com/Ice_Tio0110/status/1518066047894827008?s=20,"Korea, South","かなたんに会えてこの4年とても幸せでした
あなたの夢を応援できてとてもしあわせでした
正直辞めてほしくないです
あなたが全ての夢を叶う姿がめたかった
あなたの声が、歌が、その足跡が僕に大きな勇気となり、沢山の夢ができました
もうあなたを 追うことが できないけど
一生あなたの歌で勇気をもらいたいです
忘れたりなんかしません
音楽は、辞めないで欲しい
さよなら, もう会いたいね"
Nav,2020,,New Zealand,Thank you for everything. I will support you forever.
MヨEP,2023,,United States,かなたん、今まで本当にお疲れ様でした！卒業してしまうのはとても残念だけど、それで幸せになれるなら本望です。8月にかなたんのソロライブを行けたことは一生の思い出です！アメリカからわざわざ来た甲斐がありました！またいつか、かなたんの歌が聴きたいです！
Chamber,2023,,United Kingdom,"We'll miss you a lot, Kanata! Best wishes for you and your future endeavours!"
,2019,,Canada,"Ppt thank you for the last 6 years of making me smile, I hope you have a beautiful future filled with lots of happiness and wonderful friendships"
Alice,2020,,Puerto Rico,Thank you for so much hope. I will miss your brightness a whole bunch.
PearSpinOn,2021,https://bsky.app/profile/pearspinon.bsky.social/post/3ma7yinya2c2r,United States,"このページに私の作品や言葉を全て収めきれなかったので、独自に作成しました。わがままをお許しください。

https://pearspinon.nekoweb.org/Gallery/kanata"
Byahan,2025,,Indonesia,かなたそ「セルフサービス」という曲をリリースして歌ってくれてありがとう本当に最高だったよありがとう
ロソガソ,2020,https://x.com/gaoryuugan/status/1925055620602081647?s=20,Singapore,"はじめまして。シンガポールのへい民です。
50万人記念の耐久歌配信をきっかけに、ずっとファンになりました。
あなたは心から尊敬できる、最高のアイドルです。
卒業はとても寂しいですが、あなたの想いや精神はこれからも私の中で生き続けます。
ご決断を尊重しています。あなたは最後まで全力を尽くしてくれましたし、最高のアイドルでした。
もし可能なら、いつか気が向いた時に、雑談や歌配信、歌ってみたで戻ってきてくれたら嬉しいです。定期的でなくても、普通のお仕事をしながら、たまにで構いません。"
真田まさき＠へい民💫,2021,https://bsky.app/profile/watarusanada.bsky.social/post/3mag2rsb37c2r,Taiwan,私は一生かなたんのファンです！LOVE LOVE かなたん💫
MaybeAnt,2019,,Singapore,"かなたんは、僕の人生にとっても本当に大きな存在です。
寂しさと悔しさでいっぱいだった時期、ある日かなたんの配信に出会いました。

かなたんが自分でずっとずっとがんばって、夢に向かって努力し続ける姿を見て、僕も「あ、僕もがんばらなきゃ」と思いました。
海外ニキの僕にとっても、そのかなたんのイメージは僕の人生を救ってくれました。

かなたんの音楽は、僕が一番つらいときに支えてくれました。
これからも、応援し続けます。

僕の推しはいつまでもこのかわいい天使――天音かなた。
寂しくなるだろうけど、卒業おめでとう。
世界で一番のアイドルのかなたん、本当に本当にありがとう。
忘れないよ。"
tendvesw,2020,,Hong Kong,あなたが未来への一歩を踏み出してくれたおかげで、ネットを通じてあなたに出会えました。あなたの歌、配信、そしてその信念に、たくさんのへい民が救われたんです。 知っての通り、へい民はあなたを見つけることを絶対に諦めません。だから、あなたもへい民やホロメンとの繋がりを諦めないで。あなたが手を差し伸べてくれれば、みんな全力で応えます。 好きな歌も配信も、どうかやめないでください。かなたちゃんとしてでも、別の形でも、私たちは再会できる日を待っています。 しっかり休んだ後は、アイドルという形にこだわらなくていいから、また一緒に楽しい時間を過ごしましょう。(Gemini翻訳)
Lowest Quality Burger,2020,https://x.com/DarkestBurger/status/2000608959959556407?s=20,Philippines,"I cannot find the words to express how much you have changed my life, so in the end all I can say is... 
Thank you! ( ◡‿◡)"
D12,2021,,United States,天音かなたは私のアイドルであり、ヒーローです。この5年間、あなたが私のためにしてくれたことは決して忘れません。どうかお元気で、寂しくなります、どうか歌い続けてください。またお会いできる日を願っています。ヘイミンは永遠です。それでは、またね！<3
MJC,2020,,United States,Thank you for all your hard work Kanata! Live a happy life after graduation. The memories you created will live on as a wonderful gift for current and future fans.
JustTakasu,2020,,Singapore,"Hey Kanata, i'm a heimin since 2020 and I've always loved your singing! Your perseverance through your Meniere's to produce the most beautiful and truly unique songs in Hololive is something i have nothing but the deepest level of respect for. Don't give up on music! Thank you Kanata!"
f2ai,2020,,United States,私たちは、いつも一生懸命なPPTenshiを愛し、忘れません。 かなたん大好き！
kon,2022,https://x.com/i/status/1999717857731789082,Japan / 日本,"かなたん6年間本当にお疲れ様！！
かなたんの歌声や拘り、何度でも挑戦していく姿に「自分も」といつも力を貰っていたし普段の配信の楽しい時間では癒しや活力を貰ってました！
困っているホロメンやへい民に手をさしのべて無限に優しさをくれていたこと、かけがえのない時間を本当にありがとう！！！
かなたんに出会えてたこと、今までの道のりやソロライブ等、たくさんの夢を叶えた姿を一緒に見ることが出来て本当に良かった！！！
卒業後もかなたんがより幸せな人生を歩んでいることを心から願ってますー！！！(><)"
Aced1a,2020,,Hong Kong,"「やめるのやめろ！」って本気で思ってるけど、
かなたんの幸せを一番に願ってるよ！
6年間ありがとう！
ずっと大好き！！！！"
Nauris,2020,,Finland,"I have hard time to actually write a meaningful message that isn't too long, so I'd like you to listen to a particular song instead, ""Cradled in Love"" by Poets Of The Fall.

It doesn't actually matter if you listen to it or not. I simply want to thank you for all of the good times."
Cho Nathan,2021,https://x.com/kklljj2004/status/1998692138284982434?s=46&t=jKCpdOBWJ3qiIkfvv6-OPA,"Korea, South","こんかなた! 
今まで本当にお疲れ様！
かなたにとって私は数多いへい民の中で一つに過ぎないかも知れないが、私にとってかなたは一生忘れられない唯一無二の、そして最高のアイドルでありヒーローだよ｡
学生頃から今まで、君を通じて 過分なほどに 救われったし、本当に幸せだったよ｡
こうやって別れることはとても惜しくて悲しいが, 何より君の選択を尊重するからつかまらない。その代わりに、ただ・・・これから君が歩くすべての道に祝福と希望がいっぱいになることを祈るよ｡
今まで本当にありがとう！
では・・・さよなら、私たちの天使。"
ashfur/アシュファ,2020,,Singapore,かなたん、たくさんの楽しい時間をありがとう！親切で面白くて、勤勉な天使なところ、本当にすごいよ。ここまで成長してきた姿を見られて、心から感動している。ソロライブができて本当に良かったね！神々しい歌声も、ずっと忘れないし恋しくなるよ。わがままなお願いだけど、いつかどこかで、へい民たちがまたかなたんに会える日が来ることを願っている。ホロメンの皆とも、これからもつながっていてね。6年間、本当にありがとう！ゆっくり休んでね！おつかなた！
,2021,,"Korea, South",あなたがいて私の5年は幸せでした いつも幸せで元気でいてください、言いたいことはたくさんありますが、今はただあなたが幸せであってほしいです。
FrogFrozen,2020,,United States,"Translated With DeepL
初めてVTuberを知ったのは、カナタさんがペコラさんと「スーパーバニーマン」を配信していた時です。その時は体調が悪かったのですが、あなたたちの笑い声に癒されて、すぐに元気になりました。

それ以来ずっと応援しています。この数年、あなたは私にたくさんのものをくれました。これからどんな道を進むにせよ、一日一日を幸せに、そして充実して生きていってほしいです。

かなたさんは、いつまでも私たちの心に深く刻まれ続けます。"
あなまか,2020,https://x.com/anamaka0/status/1912444870309871952/photo/1,United States,2020年に私はホロライブを見始めた。かなたんは私が最も見たホロメンの中の一人だった。ホロライブやVTuber文化をもっと知って、好きになるのがかなたんのおかげだよ。そんな私が大学を始めた頃に心の支えにもなってくれた。で数年間ホロライブから離れてしまい、戻った時にはかなたんの雑談にハマっていた。かなたんはどんな話題でも面白く語られて、みんなの心を引き付けて笑わせる。雑談のアーカイブを何回も再生して、日本語めっちゃ上達できた。こうしてかなたんと他のホロメンの配信をもっと楽しめて、世界中のファンをもっとうまく絡めた。かなたんとの思い出は一生心の残る。今まで本当にありがとう、そして未来に幸あれ！
turtle turtle💫,2020,,Japan / 日本,"かなたんとの日々がとても大切な日常で癒しでした
かなたんはかわいいもかっこいいも内包したアイドル
かなたんは一生唯一絶対最強の世界で一番のアイドルだよ
大好きだ愛してる"
Sezaru,2022,,United States,"Greetings from USA, 
I am sad to see you go, but your health is most important. Please take care of yourself. 
I hope one day you come back. I wish you and your family eternal happiness. 
Never stop singing, your voice is the best in the entire world! I will keep you in my heart forever!!<3

-Sezaru"
おやじ,2022,,Japan / 日本,かなたんが卒業してしまうのは本当に悲しいけど、かなたんのこれからの人生が幸せでありますように。歌うのはやめないでね！
khh4,2023,,"Korea, South","あなたの歌 あなたの存在だけで元気を出して生きていけた
共にしたすべての瞬間の中 あなたは私とへい民達の 真の天使であり、最高のアイドルでした
天音かなた の名前だった 君よ いつも愛しています , いつか戻ってくるその日を信じています
あなたの前途が夢と希望に満ちていますように 
最後に天使のあなたへ お祈りします
愛しています."
ghost,2021,https://x.com/ByteNight/status/2002939996312076304?s=20,United States,"Thank you for the music and funny moments, PPT. And best of luck in your future"
Dennis,2019,,United States,"Thank you Kanata for 6 years of laughs, music, chatting, and so much more. I was so happy to support you during this time and into the future. I hope the rest of your life treats you very well"
third12,2020,https://x.com/_third12/status/2003831263321563303,Philippines,"I feel so blessed to have met such a kind and cute angel like you, Kanatan. I’m so happy that you exist and so grateful for all the joy you’ve given me over the past six years. I will truly miss your voice and your singing. Thank you for everything, Kanatan. I will never forget you. Take care always"
VivaLaPPTenshi,2020,,Peru,"伝えたいことは山ほどある（君は僕の人生を変えた、もっと君を見ておくべきだった、永遠にここにいてほしい）けれど、どんな言葉もこの気持ちを完全に伝えきれない。君に出会えて本当に良かった…寂しくなるけれど、どうか健康でいてほしい。これからもずっと応援するから。
あなたの人生が良いもので満たされますように。私は誇りを持って言えます、カナタンは私の推しだと。
あなたの才能を決して疑わず、この世界でのあなたの強い存在感を決して忘れないでください。なぜなら、私はいつまでも愛しいPPTenshiを覚えているから。(DeepL)
Te quiero mucho."
Sakitos,2022,,Poland,"Love you, Kanatan. Wish you all the luck in future."
,2020,,Vietnam,"It was a beautiful, yet regretable end to your journey, but I hope you are happy and successful, wherever you are next.
Thank you for the last 6 years, and good bye."
Setsuna Chiame,2021,,,Thank you for being my Kami-Oshi
Phi,2025,,Germany,"かなたんへ
「Unknown DIVA」をリリースしてから今日に至るまで、かなたんのことがどんどん好きになっていきました。
もっと早くへい民になれていたらよかったな、と今でもそう思っています。
これからもどうか無理せず、体を大切にしてください。
かなたんのことは、ずっと大切にしています。
本当にありがとう！"
Jack,2019,,United Kingdom,今まで本当にありがとう。素晴らしい6年間でした。これからどんなことでも頑張ってください。音楽活動を続けていくなら、いつかアニメであなたの曲が聴けるといいですね。またね!
Cheliax,2020,,United States,Thank you for everything for the past 5 years. I will forever support you no matter what.
呪子 Noroiko,2021,https://x.com/NoroikoTrns/status/2003087442103116071?s=20,Australia,"大好きなかなたんへ

最近気づいたのは、なぜ人がへい民になるのかと。もちろん第一はかなたんへの大好きな気持ち。でもその他は、かなたんと何らかの点で強く共感を持ってるからだ。そしてかなたんが羽ばたくのを見て、自分も好きになれる。

だから帰ってくるのをずっと待つね。気楽に気長に待つ。絶対何かの形でまた会えるのを確信している。

まあ！プレッシャーはかけるつもりがないから、卒業を機に友達とたくさんご飯行ったり旅行行ったり、うさちゃんもうさ吸いしたりベッドでたくさんゴロゴロしたりして！またいつか会える日まで！

こんな長文は手紙書けばよかった！！！w

かなたん大好き！！！

呪子より"
HeyMin,2019,,Indonesia,かなたえ、ありがとう。別のタイムラインでは、もう一度あなたのファンになりたいです。
JHSeo,2022,https://x.com/XXDGlBDyTQH254v/status/2003111205536399730?s=20,"Korea, South","こんかなた～！韓国から配信を見ている海外ニキです。
へい民になったのは「別世界」のときだったので、もう3年になります。私は大学院生なんですが、最近は博士の卒業準備で忙しくて、アーカイブで見ることが多かったです。12月1日にディフェンスを終えて、今月は生配信で見ようと思っていたんですが……悲しかったです。でも、いろいろなお話を聞いて、仕方がないと思うようになりました。やはり健康が一番大事ですよね。私は韓国に住んでいるので、自分が行くお店でアルバイトをすることはないでしょう。それでも、いつかまた会えたらいいです。そして、歌うことはやめないでください。
Knock it out、とてもよかったです！"
,2021,,Mexico,"I fell in love with kanata from cocos graduation. Seeing the effort kanata put into saying goodbye to her friend made me notice kanata. Thank you for your efforts, for you kindness,  for your music, for existing. We love you, please love a healthy and long life."
SkyR,2019,https://x.com/i/status/1996498341182755244,Indonesia,かなたさん、高校生の頃からずっと私のアイドルでいてくれて、本当にありがとうございます。配信で聴くかなたさんの歌声や、楽しそうな笑い声には、いつも心を奪われていました。つらい時期でも、かなたさんは私やたくさんの人たちを笑顔にしてくれました。本当に感謝しています。これから始まる新しい冒険が、健康で安全なものになりますように。またどこかで会える日を楽しみにしています、かなたさん！！！
HuyV,2025,,Vietnam,"Thank you for the memories over the past 6 years, Amane Kanata. Arigatou~"
Jobocite,2023,https://x.com/i/status/1948736247267999799,United Kingdom,"Kanatan! I will miss you but I hope you have a happy life! Thank you for the amazing music and fun streams!

ありがとう ！"
ibowsylam,2021,,Australia,天使に別れを告げるのは悲しいけれど、彼女が人生の新たな時代へと歩み出すことを心から嬉しく思います。私たちの愛しい天使よ、高く羽ばたいていってください。（ショートバージョン）
Hồ Duy Khang,2025,,Vietnam,かなたさん、あなたと知り合ったのはつい最近ですが、あなたは私に深く忘れられない印象を残してくれました。卒業してしまうのは悲しいですが、あなたがくれた美しく忘れられない思い出は、いつまでも私の心の中に残ります。誕生日に、かなたさんにお祝いの言葉を贈りました。これからの人生、特に健康と仕事での成功を心から願っています。前向きに、幸せに、そして好きなことに時間を作ってくださいね、かなたさん。かなたと過ごした時間は短すぎて、たくさん泣いてしまいました。どうかご容赦ください。またいつか会えることを願っています。たとえ小さな希望でも、私は諦めません。今までありがとう。天音かなた、本当に寂しくなります。🩵
HaruCore,2021,https://x.com/HaruCore562/status/1999651109145838036/photo/1,United States,"Thank you for the past 6 years, Kanatan. Thank you for showing me what it truly means to give it your all to achieve your dreams. I was so happy to see you up there for your Sololive, thinking to myself ""Kanatan made it... my gorilla angel is truly a beautiful idol...!""
Love you, Kanatan! Take care!"
,2021,,United States,ありがとう、カナタ。あなたはいつも生活をより良くしてくれて、一般の人だけでなく周りのすべての人のために。あなたは私が海外のファンでありながら日本語を学びたいと思う理由の一つでもあります。すべてに感謝します💫💙
Zombie Tacos,2019,,Mexico,"Thank you so much for your hard work. Take good care of yourself ❤️
お疲れ様でした"
TGMaelstrom,2020,,,Gracias por todo
Project Epsilon,2020,https://x.com/EpsilonRemixes/status/2003194329150685629?s=20,Australia,"Thank you for all of the wonderful memories! I will miss your wonderful singing and your fun streams, best of luck with your future activities!"
風鈴,2019,,Taiwan,初めての推し。唯一の推し。これから先も、誰にも代われない存在。一生忘れません。あなたが一番大好きです。
InvoFang,2025,,New Zealand,"お願い、せめてかなたんは何らかの形でインターネット上に残ることができますか？配信者としてでも、なか卯で食べた日常のことを投稿するだけでも。続けても大丈夫ですよ！
インターネットから消えるほど自分を厳しくなる必要はありません。ぜひ自分が心から幸せになれるを選んでください。自分の本心をもっと大切にして、無視しないでください。かなたんには後悔してほしくない。お願いします、卒業のこと考え直してもらえませんか？
いつでもホロライブに戻ってこられるというホロメンの誘いを心に留めて。ホロメンにはかなたんがいつでも居場所があるよ、そして天音かなたは永遠のアイドルだから安心して、いつでも戻ってきて大丈夫ですよ！"
helo7089,2024,,Hong Kong,かなたん、いつでも戻ってきてください…みんなが待ってますよ…もう一度あなたの笑顔が見たいです。
,2020,,Philippines,Kanata You are a LEGENDARY ANGEL IDOL
Kuromatic,2025,,Philippines,We love you Kanataaa! We hope that you the best and wish that you will find success after graduation. Anata no koe to kenshin wa heimin zen'in ni kibō o ataemasu. Arigato!
vtange,2020,https://x.com/vtange/status/2003310429519642717,United States,"かなたん、6周年おめでとう！ずっとあなたの歌が大好きでした。どうか今後も歌を止めないで！6年間の活動本当に頑張ったな、大変お疲れ様だよ。かなたんはいつも優しくて、ホロメンの中の紳士だと思った、格好良かったよ。かなたんの努力＋節約力はすごいけど、自分の健康を大事にしてねー活動後に体がよく回復できますように。
これからも僕達ヘイ民を見守ってね！かなたんに見せたかったまだ未完成のプロジェクト、たくさんあるから！
かなたんのソロライブ、現地に行けてよかった。あなたが居なくてもゴリレバは不滅だ！
翼2つ持ってるかなたんを見れる未来があることを願ってます。大好きだよ！"
LYC,2024,https://x.com/LYC__LYC/status/2003320620130664468?s=20,Taiwan,"かなたん、6年間本当にお疲れさまでした。
たくさんの素敵な思い出をありがとう。

一歩一歩成長してきた、あの小さな天使の姿を、私は絶対に忘れません。
伝えきれなかった想いは、手紙にしてCOVERへ送りました。
どうか無事に、あなたの手元に届きますように。

これからの日々、へい民としての私は、自分のことをちゃんと大切にして生きていきます。
でも、かなたんもどうか無理をせず、体を大切にして、幸せで笑顔あふれる人生を歩んでね。

もしまたいつか、どこかで会える日が来たら――
私はいつでも、「おかえり」って言う準備をしています。

ありがとう。
世界で一番可愛い天使へ。"
芒果提姆,2019,,Taiwan,これからも楽しんでね ！君の歌声が一番好き！
Given,2021,,Philippines,We will miss you PP Tenshi!! >-<
,2025,,Philippines,"Although I have only watched a few stream of yours, I know how heartwarming you can be. Hopefully when there are times that you think ""I can't do it anymore"", please never give up."
Ezdragon,2021,,"Korea, South","​いつだってかなたの幸せを願っています。
ぜひまた会えますように…"
WallyWW,2019,,Argentina,"伝えたいことは山ほどあるのに、言葉が見つからない。でも後悔なんて絶対にない。6年前のあの日が、こんなに多くのものをくれるなんて想像もしていなかった。この思い出の数々への感謝は計り知れない。2019年にあなたのチャンネルを見つけたことは、今となっては奇跡のように思える…そう…かなた、あなたは奇跡なんだ。
だから、この気持ちを伝えさせて：

私にとって 天音 かなた は世界で一番素晴らしい人

絶対に忘れない"
,2021,,United States,"かなたのおかげでELECTROCUTICAさんの作品を聴くことができた

かなたんのうた素敵。ほんとにありがとございます"
Brexe,2019,,Mexico,You always help me when i was down i hope the best for you
dingoes,2022,,United States,古のサンズ戦で見始めたが、本当にへい民になったのはダクソを始めた時だった。アメリカに住んでるので配信が20時スタートだったが、夜更かししてリアタイしてた記憶がある。4thフェスに行ったときの飛行機の中でずっとダクソ1の最終回をみてたし、帰りの便の時もずっとダクソ3の配信をみてた。こんなにフロムゲーを愛してくれてありがとう！そして、天音かなたという存在でいてくれてありがとう！自分は現実主義者で天使とかただのファンタジーだと思っていたが、かなたんに出会ってから思ったことがあるんだ。「この世界に本当にいたんだ！実在してたんだ！ゴリラが！」ってね
DeusRhea,2021,,United States,私は長い間、かなたんの大ファンでした。あまりアクティブなファンではなかったけれど、かなたんへの愛はたくさんあります。ホロライブにかなたんがいなかった時のことを思い出せないので、彼女が去るのはとても悲しいです。かなたん、色々とありがとう！（翻訳機を使いました、お許しください！）
まさひろ,2020,,Japan / 日本,僕が受験期で暗い感情に包まれていた時に歌を聴いて、様々な要員で大変な中でも挫けずに頑張っている天使がいるぞ、ということで勇気をもらった以来ずっとオリ曲や歌みた、配信などを励みに頑張れました！！SSAでのソロライブ等、叶えられなかった夢などを追いかけて行きたかった気持ちもあり寂しいですが、卒業した後もゆっくりと自分のペースで療養し、是非とも歌を続けてください。応援しています！！今までたくさん元気をくれてありがとう！！
Justineeeee,2024,,Philippines,カナタ！！！あなたの素晴らしい成長と、あなた自身を私たちに見せてくれてありがとう。あなたの素晴らしい声を聞かせてくれてありがとう！あなたの人生が素晴らしいもので満たされますように！がんばってね
thePancake7,2019,,United States,"Hi Kanata!
Even if I couldn't understand much I always enjoyed watching your streams. I was always amazed at your singing abilities. I hope after graduation you will be able to get some good rest!  Thank you for all the fun streams and concerts over the years. Im glad to be a Heimin since day 1."
SwagJuice11,2020,,United States,"Thank you for everything, Kanata! I am an overseas fan, but learning about you and listening to your songs brought me a lot of joy, even if I don't speak Japanese. You have inspired me to continue following my dreams no matter what my situation is. I wish you the best of luck for the future. <3"
cushing,2022,https://x.com/cushing154/status/1550286787766931457?s=20,"Korea, South","かなたを見る前からhololiveを知っていましたが、かなたの2周年ライブを見てとりつかれたようにオシになりました。 みんなのおかげで歌が歌えたと笑って言うかなたの姿があまりにも眩しくてこの4年間まぶしい体でいられました。 かなたは今、天界に戻りますが、平民に残る眩しさはこれからも永遠でしょう。 そして天界でも かなた が笑って過ごせることを祈っています。

-いつも永遠なそして変わらない世界一のアイドルにその光に魅せられた一人の平民が-"
Shira Yoruha,2022,https://x.com/i/status/2003439562581008685,Malaysia,"I glad to meet you the same day of i know Tokoyami Towa sama , Himemori Luna and Tsunomaki Watame. Im proud of you able to made it to Solo concert, sadly im unable to attend or watch it by Via streaming. But im glad ^_^ to knowing You"
Butters,2021,,Philippines,"Kanata!!!! Always, forever, in my heart!!!! We love you!!!!!! 🥹💙🩵"
Wil S.,2020,,Indonesia,"Whatever you do next, I wish you will have a thousands times the happiness that you have given me. Thank you for everything, Kanata."
ラク,2020,https://x.com/RTasuberu/status/1955149783821324563?s=20,Hong Kong,"言いたいこと山ほどあるけど、文字数制限あるから簡単に言うね
かなたん今まで本当にありがとう、生まれてくれてありがとう。
もしこれからの人生で辛くなったら、いつでも戻ってきて。ずっと待ってるから。
どれだけ離れても、どれだけ時間が経っても、ずっと、ずっと、かなたんのこと大好きです。"
Vivi The Blossom,2021,,Germany,"こんなに好きさせた、そしてこんなに悲しい別れするか。かなたんのいじめ(˶˃⤙˂˶) 好き好き好き！
私から手紙をもらった？間に合ったら知らせないと書いたけど、じつは郵便制度に知らせた！間に合ったの知ってる。すごいうれしい。
私たちのえいえんの愛覚えろね！ぜったい忘れちゃダメ！怒る！
じゃあ、バイバイチュチュチュ"
Kybold,2020,,Indonesia,"かなたんへ、まず、DeepLを使っているので誤訳があったらごめんなさい。

最近あまりあなたのライブ配信を見られなくて申し訳なく思っています。戻ってきたら卒業の告知があって、一瞬心臓が止まったような気がしました。
あなたやへい民たちとの大切な瞬間をたくさん逃してしまった気がします。
でも卒業の理由が健康のためなら、それを受け入れられます。何よりもあなたの健康が大切ですから。
今後のご活躍を心から願っています。へい民一同、あなたと過ごした時間を本当に感謝しています。
ホロライブとファンのために尽くしてくださった全てに感謝します。これからもどうかお元気でいてくださいねぇ。"
Aqua,2020,,Vietnam,You and the rest of gen 4 were some of the first vtubers I watched in 2020. Thank you for introducing me to vtubing and hololive!
りゅーち,2022,,"Korea, South","かなたんを初めて知った時は兵役に服務中、あの頃特者生存ワンダラダーのMVを見てかなたんの歌声が好きになって、服務が終わった後本格的に配信リアタイを始めました。見れば見るほど空のように広いかなたんの魅力の世界にたっぷりはまりました。
つらい時疲れた時いつもかなたんは大きな力になる天使だと思っています。不断な努力で夢のソロライブを開催させたかなたんを見つつ感動に染まって泣きました…
かなたんの物語が終わってもみんなに見せてた精神は消えず多くのへい民さんたちの力がなれると信じています！これからもずっとかなたん大好きだぞ！！"
Ochalaco,2023,https://x.com/i/status/2003496041476423791,Indonesia,"Thank you for all the laughter, joy and happiness you gave us this whole time. Wishing you great health, happiness and success for your next adventure! 

Thank you for being one of the reason i got to live my life to the fullest. ありがとうございますかなたちゃん！ "
blueberu,2020,https://x.com/blueberurhythm/status/2003498799801729410?s=46,Philippines,Thank you for sharing your music and voice!
kaito,2020,,Australia,"Dear Kanata,
I love your singing and passion for idols. Kanata's song and dance are always beautiful.  Your 3D debut, 12 hour Getting Over It stream, and search for a blue axolotl in Minecraft are all treasured memories.  
All the best for the future! Love you! "
ExcelitoL(エグゼリトール),2024,,"Korea, South",こんかなた！外国に住んでいるへい民です。 2年にならない時間ですが、あなたと知り合って楽しい時間を過ごせたし、いつも努力をしているあなたの姿を見て怠けて生きてきた自分を反省しています。私も‘’天音かなた‘’のおかげで遅いけど成長して行く気持ちを感じます。 どうしても私はまだ別れる心の準備ができていないです。でも、あなたの選択を尊重して、これからは遠くからでもあなたを応援したくなりました。 たとえ悲しいけど幸せになってほしいし、どこで何をしてもあなたは私の永遠のアイドルです。 いつも懐かしくなります。心身ともに回復されることを願っています。おつかなた！いつもありがとう。かなたそ大好きです！
Hoshi,2020,,United States,"Thank you kanatan. Back when I first found Hololive, I was amazed by your work ethic and passion. You have done so much for everyone in Hololive and for us fans, and you have left a lasting impact on all of us that we won't forget. You are the reason I tell myself to keep trying, and my role model."
ゆみ,,,United States,"I love you. Your song, your vocal, and your smile. I love it all 
かなたさんが大好きだよ。君の歌と声と笑顔は全部大好きだよ。絶対君を忘れない。"
jaygray91,2021,,Malaysia,Thank you for your hardwork being a shining angel idol.
ijlal,2020,https://x.com/M_Ijlal_A/status/1996497031842705764,Indonesia,"かなたん、いつも応援してる。
高くて力強いピッチの歌声、本当に大好きだよ。
卒業しても、これからの道が明るくて素敵なものになるといいな。
ずっと愛してるし、支え続けるよ。
ありがとう、かなたん。"
whindn,2021,https://x.com/whindn/status/1955658377813770282?s=20,"Korea, South",かなたんのおかげで私の5年間は幸せでした。本当にありがとうございました。どうかかなたんの新たな始まりに幸せがありますように！
Jay,2023,,Germany,「これまで一緒に過ごしてきたすべての時間に、心から感謝しています。本当にありがとうございました。あなたはいつも私たちに笑顔と幸せを届けてくれる、かけがえのない素晴らしいアイドルでした。あなたのおかげで、私たちの日々は何度も救われ、何倍も輝いていました。」
ミクりん,2022,,United States,かなたん、今まで色んな笑顔を届けてくれれありがとう。めっさ寂しいけどこれからもっと幸せになるのを願ってます。あなたの事一生忘れません。
Alphard,2021,https://x.com/Achernar21/status/1999691476683653587,"Korea, South","ヘイ民になったおかげで日本語も上達できて、つらい軍生活も乗り越えられました。
これからは研究者としてメニエール病の治療に貢献し、かなたんに恩返しがしたいです。
そして何より、かなたんの幸せを心から願っています！"
Onceforsaken,2020,,Singapore,Thank you the time. Soran bushi will always be my favourite
つばき,2021,https://x.com/Tsuki_va/status/1955612103131500974?s=20,Japan / 日本,かなたん、ここまでよく頑張ってきたね。本当にお疲れ様。自分が辛かった時、歌や配信を見て、いつも救われてきたよ。本当にありがとう！かなたんからもらったものは抱えきれないくらいだけど、これからも少しずつ返していけたらいいな。かなたんがへい民を想ってくれるように、ぼくもずっとかなたんのことを想っています。
呉さん,2020,,Taiwan,"Thank you for these six years. I found you back in college and watched you grow from shy and innocent into someone who shines before others. I couldn’t attend your sololive, but I believe your graduation is the right choice. I hope your future is filled with happiness."
Dent,2020,,United States,かなたん、この五年間ありがとうございました。アメリカ人ですからあまりライブで見えなかったけどいつも切り抜きを見て笑って、泣いて、応援しました。ソロライブもライブで見に行って感動しました。卒業するのは残念ですが、卒業後にもかなたんは僕の永遠の再押しです。本当にありがとうございました！
Rick,2022,,Hungary,Thank you for everything you've done Kanata. You've touched the hearts of so many including me. I will never forget you and I'll keep listening to your music! I wish you good luck and health going forwards. You will always be my favorite idol.
Thor,2020,,United States,"Thank you for everything Kanata! I will never forget your pure passion for idols and persistence. Even after you're gone I will always look up to you for strength to complete my goals in the future. I love you so much and will miss you, but I will always be cheering you on for every path you take!"
,2023,,United States,"You accomplished something great and should be proud! Don't be afraid to turn to others for help, comfort and support. Stay close with your friends! Thank you so much. We will support you whenever you need it. Fight on!"
Elwysh,2021,,Slovakia,"かなた、長年にわたりへい民のために尽力してくださり、本当にありがとうございました。美しい歌をありがとう。
私が願うのはただ二つ。これからあなたがとても幸せでいられること。そして、将来またあなたの声を聞けることです。
あなたとあなたの美しい声を、私は決して忘れません。
Love you <3"
Andrey,2022,,Russia,"かなたさん、お疲れ様。
私は普段からあまり配信を見ないんだけど、2022年にたまたま「特者生存ワンダラダー!!」に出会ったんだ。その時から、悲しい時とか、かなたんのライブ配信を見てるよ。
日本語はまだよくわからないけど、かなたんの話を聞くと、親友と話してるみたいな気がして、いい気分になるんだ。
この4年、本当にありがとうございました。
かなたんのこと、ずっと忘れない。
お幸せに。"
Foca,2021,https://x.com/Kashima15118303/status/2003542835040313805,Denmark,"私もメニエール病を患っている。ここ数年、私を支えてくれたのはあなたの存在だけだった。あなたに出会えて本当に良かった。多くの点で共感できたし、あなたはいつも私の人生に希望と喜びの光を灯してくれた。日々の闘いは時に押しつぶされそうになる。それでも君の決意は、私が諦めない原動力だった。
だから迷わず言うよ、かなたそ、君も絶対に諦めないで！君は信じられないほど才能がある。より良い未来への希望を捨てないで。いつか君が戻ってきて夢を追い続ける日を、私はずっと願っている。そして約束する、皆が必ず君を支えるから。だいすきだよ、かなたそ！"
RyuZU,2022,https://x.com/kawaii_ryuzu/status/2003512713797074979?s=20,"Korea, South",こんかなた！韓国のへい民です。今まで全ての配信と歌、最高でした。へい民と歩んだ道は卒業をもって終わってしまうんですが、かなたんがこれから歩む道もいつも応援します。どんな時、どんな場所でもいつも幸せを願っています。われらの永遠の天使、天音かなたへ。
Anry,2019,,Hong Kong,かなた、僕を救ってくれてありがとうございます。どうかこれからも良い人生を。どこかでまたあなたの歌声を聴けますように。
へい民 A,2020,https://pbs.twimg.com/media/GWEbLn6WUAEca6a?format=jpg&name=900x900,United States,"君の幸せを、心から願っています。
かなたんが不幸になってしまうようなことは、
どうか無理にしないでね。
へい民の私たちは、いつでも君のそばにいます。
どれだけ時間がかかっても、ずっと待っています。"
Yui,2023,,Japan / 日本,"貴女はこれからも私の光です！
1杯の幸せと想い出をありがとう！！
ゆっくり休んでね
かなたん大好き！"
the T dawg,2022,,United States,Don't know what else to say but I'll miss you and hope for the best for you.
Buun,2020,,Canada,"あなたが将来、幸せと満足を見つけられることを願っています。
そしてその幸せの一部として、音楽をあきらめないでほしいとも願っています。
どうか、あなたの情熱を手放さないでください。
あなたは音楽をあきらめるには、あまりにも才能にあふれています。
それでも、あなたがこの世界で自分の居場所を見つけられることを心から願っています。"
Azt,2022,,Chile,"I was going to one of the darkest times in my life when i met you, and without realizing it, an angel smiled at me through a screen.
I love someone that i don't even know.
I'm so grateful to met you and i hope you can continue to shine wherever you go. 
Please, don't forget how amazing your are."
Kira shinogare,2021,,Vietnam,今までありがとう。すごく楽しかったです
KZ,2021,,Saudi Arabia,"これまでの6年間、本当にお疲れさまでした。
新しい道へ進まれる中で、たくさんの幸せに出会えますように。
あなたがきっかけで、日本語の勉強を始めました。
そしてこれからも、ずっと学び続けていきます。
天音かなたさんは、今もこれからも私にとってたった一人の、かけがえのないアイドルです。"
Ali the potato,2021,,Saudi Arabia,"hey kanata! thank you for this amazing time you have been with us, we really had fun time watching you in hololive, we will miss you so much, thank you so much, we will never forget you!!"
elc (エル),2020,,Finland,Thank you for the great memories! I wish you success for the future! Rest well! おつかなた！
Louis (2can),2023,,United States,Hi Kanata! You have been such an inspiration for me. Your journey has shown how strong you are. It has inspired me to do my best in life no matter what. I always listen to your songs when I compete in Smash Bros. and they help me play better. You’ll always be my Kamioshi! かなた大好き！
,2020,,Thailand,"ホロライブ4期生は、本当に美しく、かけがえのない存在でした。
あなたは、私に新しい世界を与えてくれた人です。
あなたがどんな道を選んでも、成功することを心から祈っています。
どうか、苦しむことなく、たくさんの愛に包まれて生きてください。
あなたは、愛されるべき人です。
どうか、愛の中で生きていってください。

あなたを愛したことを、私は一度も後悔したことがありません。
私は、これからもずっとへい民です。
天音かなた、あなたは私にとって――
世界で一番のアイドルです。"
Racer,2020,,Chile,"I will miss you kanatan 😭🙏🙏 I still remember your debut, time flies... I hope you will be okay!!! 💫💫💫💙💙💙"
AikoHonoka,2022,,Singapore,"Thank you for all the years in Hololive . I will miss you  and I like the song you sing  and it make more motivating to do my work and success in life 
I hope I can see you again in the future 
Thank you hope we can meet again "
PB,2020,,Poland,"前に進む勇気をくれて、本当にありがとう。
かなたのこれまでの活動は、これからもずっと心に残り続けますし、音楽も定期的に聴き続けます。
もし前に進めなくなったと感じたときは、一歩下がることもまた「前進」だということを、どうか忘れないでください。
どんな基準で見て「正しい」かではなく、かなたん自身にとって一番いい選択をしてください。
どんな決断でも、私は応援しています。
かなたその夢は終わらね！"
@why_chan,2023,,Malaysia,"Dear Amane Kanata-san, will you marry me?"
,2020,,Canada,何もかも挑戦して、失敗したときとしても立ち直る、諦めないかなたそにそんけいした。始めて見た頃にはそんなに成長すると思わなかった。じぶんの実績したことをちゃんと誇りしてね。すごいだから、ほんとうに。長年配信してくれて超ありがとう。
Cas,,,Philippines,"Make sure you are safe always kanatan.
Youre song will not be forgotten especially you.
Watashi daaa suki utaaa unravel naagggaaaaiiiiii sugi wwwww o7
Just mess with obaa chan she will be happy to mess with you too ✌️
Otskaresamades kanatan
Make sure to eat banana okay? WWWW
Arigathankyou genki dene"
Laol,2020,,Malaysia,"Hey KonKanata. Thank you Kanata for bringing joy to us. I'm so glad that you're my oshi. As a heimin, I'm so proud of you, you did so well in your career. Wish you all the best in future, you will always be my oshi forever. OtsuKanata! Love you!
この六年間　お疲れ様でした"
LT9M,2020,,Canada,将来がうまくいくことを願っています
Tyler,2023,,Taiwan,"海外のへい民です。3年前から、かなたさんは私の心の支えでした。今年ようやく社会人になり、日本へ会いに行く夢を叶えることができました。

ソロライブ『Lock On』は人生最高の思い出です。ファンの想いを汲み取る最高の演出をありがとうございました。

正直、卒業は寂しくて涙が止まりません。でも、持病などの困難の中でも、かなたさんは誰より努力し、最高の毎日を届けてくれましたね。「やめるのやめろ！」と引き止めたい気持ちもありますが、かなたさんの決意を尊重し、最後は笑顔で応援したいです。

かなたさんへの愛と思い出は一生消えません。今まで本当にありがとう！"
,2020,,Taiwan,Thank you for being my Oshi for many years! Kanata Love!
Kirzu,2020,,Chile,"Thank you Kanata, for everything, we love you and we will remember you dearly. Have a wonderful life and be happy."
ShinyX,2022,,United States,Kanata! Thank you for everything you've done in the past 6 years!
Unterk,2020,https://x.com/UnTeRK25/status/2001743794278989957,Chile,"While I mostly supported you in silence, you reached me from the opposite corner of the world and taught me what having an oshi feels like. Until I die, I'll be a Heimin and thank you for being My Idol."
xihtyM,2020,,United Kingdom,"かなたんの『馬と鹿』の歌ってみたに感動して、ここからへい民になり、その後の歌ってみたも全部見てきました。今や俺の一番好きな歌い手です。日本語がもっと上手になってからは、配信もよく見るようになり、特にソウル系ゲームがすごく楽しかったです。これからもずっと応援しています。8/13のソロライブBD、絶対みんなと一緒に観ます！
今までのこと本当にありがとうございました！"
TheProdigyK,2019,,,"カナタちゃん、こんなにたくさんの幸せを本当にありがとう。
デビューの時からずっと応援してきたし、絶対に忘れないよ。
お別れするのは本当に悲しいけど、
この手紙があなたに届くことを願っています。
どこへ行っても幸せでいてほしいし、
天音かなたに命を吹き込んで、自分で作り上げた思い出を、ずっと大切にしてほしい。"
moby,2023,https://x.com/catboyclaws/status/2003688098610446500?s=46&t=bLRoSP1EiBwWUmJv-YsxEA,United States,"hello! I used to show your Youtube videos to my girlfriend over video call, and now I show them to her in person as we share a home together. you’ve been a constant for many of my recent life changes and i’m sad to see you go but i’m wishing you the best! thank you!!!"
rrrpl,2022,,"Korea, South","日本語が苦手なので翻訳者として書いています。
日本語がよく分からなくても声を聞くだけでも良かったです。
雑談、歌、ゲーム何をしてもよかったです。
ワールドツアーの一環として韓国で公演すると言われたときも嬉しかったです。

しかし、送らなければなりません。

覚えておいてください。
あなたはあなたの考えよりも優れた人です。
もっと愛される人です。
もっと愛されてもいい人です。
自分を過小評価しないでください。

難しい場合はいつでも戻ってください。
私たちは皆待っています。
そして是非健康にしてください。

あなたは永遠に私の最高のアイドルです。
당신은 영원히 제 최고의 아이돌 입니다."
maina,2022,https://x.com/maina_n5/status/1997226464849318072?s=20,"Korea, South",今までかなたを会った4年は本当に奇跡のようでした.. ありがとうございます。また明日！
Poohboy,2020,,Thailand,"Konkanatan Hello there Kana-tan it is sad that we might never see/hear you again but at least we have opportunity to say goodbye, I hope your will find happiness on your next journey. Thank you for being yourself and giving us so much joy in these lonely time.I will always remember you. 💙"
Astraea,2020,https://x.com/Astra_ofAntares/status/2003686127853859055?s=20,United States,"Thank you for all years of effort and hard work. It was your passionate effort, resilience, and care to those around you that helped me even get into Hololive and vtubers all together, and I still revere the hard work you put out. Thank you for everything, and may you find new joys everywhere!"
R0kush0,2020,,Malaysia,"KonKanata! I got into hololive from Azur Lane collab. It's been a crazy ride watching your idol journey since debut, both fun times and hard times, I have so much to say but I don't know how to say it haha. So I'll just say thank you for these past 6 years, Kanatan! 元気でね、かなたん T-T"
namae,2020,https://x.com/namae_70e/status/1955207410743959565/photo/1,Canada,"I'll never forget you, and I'll always be waiting for you."
Triticeae,2020,,United States,下手くそな日本語でごめんね。もともとはつまらなくて暗い人で、音楽も好きじゃなかった。今も相変わらずだけれど、あなたが音楽の楽しさを教えてくれた。プレイリストにはあなたの歌しかない。あなたの努力に心を動かされ、歌に照らされた。悔しくて残念だけれど、卒業おめでとう。わたしにとっての五年間は、人生で一番楽しい時間だった。本当にありがとう、そしてお疲れ様でした。いつどこにいても、あなたのこれからの人生が自分らしく輝けますように。
panda_silver,2019,https://x.com/slaccpanda/status/2003701367719051638?s=20,Thailand,"6年間の活動、本当にお疲れ様でした。2期生の頃から何となく見ていましたが、デビュー配信で「推しだ」と確信しました。大学生活が辛い時も励ましで救われ、卒業まで頑張れました。有明ライブは初の海外一人旅で仲間と出会えた大切な思い出。願いは、あなたが幸せを見つけ、音楽を自由に届け続けること。感謝と永遠の推しです。
"
Ppang,2019,,Indonesia,"かなたの卒業発表の2日後、トワも卒業する夢を見ました。短期間で二人が卒業するのは辛かったけど、なぜかトワがイギリスに行ってかなたに会うのは少し嬉しかったです。なぜイギリスなのかは分かりません。夢の中で一日ぐらい過ごして、とても辛かったです。起きてから夢だと気づくまでに数分かかりました。気づいた後、夢でよかったと思いました。

かなたが卒業した後も元気で幸せでいてほしいです。ありがとう、大好きです。"
astronomo2003,2021,https://x.com/i/status/2003711913717563860,Colombia,Te amo Kanatan大好きだよかなたん！サンスの配信から応援してるよ一生忘れませんお元気でね無理しないでねどうか幸せな人生を送れますようにいつもありがとうおつかなた〜(泣)
,2020,,Canada,Thank you for everything! BIG LOVE!
Zeal,2023,,United Arab Emirates,"かなた…6年間ありがとう。

私があなたを見始めたのは2021年からでした。
仕事の都合で、いくつかの配信は追えなかったけれど、

あなたは私の人生にたくさんの喜びをくれて、
毎日をとても明るくしてくれました。

だから、ありがとう、かなた。
また会える日まで。"
cjlim2007,2020,,United States,いつもがんばってありがとう。アメリカから配信を見た。２０２０年の月曜日の朝には月夜歌枠を聞いた。それから私はかなたんの推しになった。私の日本語はあまり上手じゃないんで、たくさん配信を見ることができなかった。ソロライブを見たいと思ってた。もっと歌を聞きたいと思ってた。それ以上に、かなたんが幸せであってほしい。幸せな思い出くれてありがとう。そして、さようなら。
Alice S,2020,,United States,かなたんはいつまでも私の神押しです。幸せになりなさいよ！好き好き大好き！
A-Ariya,2023,https://x.com/ArithatAriyanu1/status/2003141759707275740?s=20,Thailand,"僕にとって、君はかけがえのない存在で、君がいない世界は寂しけれど、もう引き留めない。やめるのやめろっても言わない。君の存在には、感謝以外の言葉はないんだから、幸せになれば最後まで見送ってあげる。それも恩返しだと思う。
さて天使よ、その背中の羽を羽ばたき、高く大空へ翔べよ。
皆んなのこと、忘れないでね。いつもありがとう。"
sato mizuki,2022,https://x.com/thenipahhut/status/1832172970233753960,United States,"Thank you for everything, Kanata. Watching you has helped me give myself a 2nd chance at chasing my own dreams. I want to say “Don’t go”, but it would be too selfish. I hope you find happiness as a civilian. Please never forget us Heimin and how much we love you."
へい民,,,United States,"💙🤍💫🤍💙
お疲れ様でした！！！！！！6年間、へい民に与えてくださったすべての喜びと笑いに感謝します。どこへ行かれても、ご健康とご多幸をお祈り申し上げます。私たちの天使でいてくれて本当にありがとう。
💙🤍💫🤍💙"
NixtheWatcher,2023,,Australia,"Thanks for everything Kanata, may you fly high forever more. すべてに感謝します。永遠に高く飛び続けますように"
David Klafter,2020,,United States,"僕が初めてホロライブを知った時に四期生はデビューばかりでした。みんなもちろん色んなチャームや得意があったけど、かなたんの才能がすぐに目立ちました。その瞬間から今の六年後まで、友達にかなたんのことを「推し」と呼ぶのを本当に誇りました。卒業後にそれは変わりません。
今まで声を、歌を、配信を、冗談を、ライブを、イベントを、ゼンブをへい民にくれたものを宝物にします。
本当に本当に本当に本当にありがとうございます。
Thank you forever. I will never forget the precious memories you gave us."
Zack8444,2022,https://x.com/Zacky8444/status/2003749042661326971,United States,Your singing is the best!!!
nyczbrandon,2020,,United States,Thank you for sharing your beautiful voice with us.  I will never forget it
Mirko D,2021,,Germany,Thank you for everything Kanata! Your music and your passion for it where always something that leaves me speechless! I fell in love with it from the first time I listen to it. And I love how funny and cute you are. You became the most wonderful Angel in our lives Kanata and I will never forget you!
ShiroP,2020,https://x.com/Shiro_Pawn/status/2003762215216918896,United States,"かなたん、今まで本当にお疲れさまでした！！
配信はいつも楽しくて、大好きです。
かなたんのおかげで、イラストを描き続けるモチベーションをもらっています。
これからのご活躍も心から応援しています。
ずっと大好きです。ありがとう！！"
Meri,2021,https://x.com/iminmydaydreams/status/2003763277634113861?s=20,Philippines,"Thanks to Kanatan, I learned to try my best even if i did not have the confidence. Kanata is always shining so brightly and that light guided me to always be a better version of myself. Kanata is our perfect precious tenshi and we are happy to have been touched by the angel and her heavenly sound."
Faa,2023,https://x.com/terry_rona25818/status/2003400767345201175,Russia,かなたさん、あなたの創造性で私たちの生活を明るく照らしてくれて本当にありがとうございます。あなたは素晴らしく力強い声と、優しい心をお持ちです。あなたの成長を見守るのは本当に楽しかったですし、LOCK ONは素晴らしい経験でした。あなたの健康と幸せを心からお祈りしています。BIG LOVE from everseas!
Swords,2021,https://x.com/i/status/1998834178927005724,United States,"Thank you for everything Kanata! I will miss you, please take care of yourself!"
XNLaizer,2025,https://x.com/bindeamer/status/2003765846636908905?s=46&t=3ApNLXdeFgO9RV8nffbCzw,Thailand,Thank you so much and for everything Kanata!!!
Kurisu,2020,,Philippines,"Dear Kanata,
As someone who has admired you for five years,
It's sad to see you go.
Thank you for everything, and good luck."
Spicadox,2020,,United States,この6年間お疲れ様でした。「Getting Over It」から私のコメント「Kobayashi~」を拾ってくれてからずっとへい民です。かなたんが卒業するのは悲しいけど、もっと悲しいのはかなたんがインターネットからいなくなってしまうことです。この世界が、天音かなたの才能と素晴らしい歌声を失うのは本当に残念です。「探さないで」と言ったとき、泣いてしまいました。この人生が終わるまでへい民だから、ごめんね。これからも、ずっとかなたんのことを探して、待ってる。
Cyneph,2022,,India,"私たちと楽しい時間を共有していただきありがとうございました。あなたはいつも私の心の中で特別な場所を持っています。生まれてきてくれてありがとう。楽しく幸せな人生を送れるよう願っております。
"
Jerek,2023,,Finland,カナタ、君を見守った三年間、ありがとう。寂しくなるよ。どうかゆっくり休んで。いつかまた会える日を、これからも祈っている。(by DeepL). I shall wait forever for Dark souls 2 playthrough if I must.
Akusha,2019,https://x.com/akushayang_/status/1385226485913595906/photo/1,Indonesia,"かなたんへ
この6年間、本当にお疲れ様でした！
あなたの歌に感謝します！
あなたの優しさに感謝します！
生きる理由をくれてありがとう！

どこにいても、あなたの成功と健康を祈り続けます！
そしてもちろん、どこにいてもずっと応援しています！
あなたの名前と共に歩み続け、約束を守り続けます。

かなた、最高のアイドルでいてくれて、私のそばにいてくれてありがとう！
かなたちゃん！！！卒業おめでとう！！！
"
Reverie Neko,2020,,Malaysia,"Thank you for being the reason I got into hololive! You were there during both sad and happy times, and your singing is and will continue to be one of my favorites! I will miss you dearly but I hope you will continue finding happiness in whatever you do!! かなたん大好き！！ドッコイショ！ドッコイショ！ソーラン！ソーラン！"
,2020,,Malaysia,かなたんへ  私は日本語が得意ではないので、翻訳機を使っています。  2020年に初めてかなたんを知りました。そのとき、かなたんは私が初めて出会ったVTuberであり、ストリーマーであり　アイドルでした。当時はまだ高校生で、すべての配信を追うことはできませんでした。  いつか日本に行き、かなたんのステージを直接見たいと強く願っています。今はまだブルーレイでの鑑賞が精一杯ですが。そして、かなたんがいてくれて、いつも全力で頑張ってくれていることに心から感謝しています。ですから、どうかゆっくり休んでください。これからの人生が充実したものでありますように。  （追伸：もう草は食べないでくださいね）
Me10etta,2024,,Hong Kong,Man I Miss Kanataso
HoboCat,2020,,United States,カナタ、君の歌声と全ての努力が大好きだ。君は私の励みであり、歌をやめないだろうと知っている。だって歌をやめるなんて残酷すぎるから。愛してるよ、カナタ！
Metalli,2022,,Finland,Thank you Kanatan for being our angel for these years. I'm happy I got to be there to support you on your idol journey.
Stephanie,2019,,Singapore,手紙も郵送しました。そちらにはもっと気持ちを込めています…でも改めて言わせてください：生きていてくれて、ここにいてくれて、あなた自身を私たちと分かち合ってくれてありがとう。ずっとあなたを愛しています。ずっとあなたを恋しく思います。ずっとあなたの幸せを願っています。この6年間、本当にありがとう。そばにいてくれてありがとう。あなたは永遠に私の推しです。この人生でなくとも、この世界でなくとも、また会えることを願っています。今まで本当に、本当にありがとう。大好きよ、天音かなた。
jaxmad5,2020,,United States,Thank you for everything Kanata! We all love you! この6年の間、みんなにとって大事な宝物だよ。海外ニキの僕はいつもかなたんの配信見て、日本語少しでも喋れるようになった。嬉しい時も、悲しい時も、笑える時も、全部忘れないから！いつまでもかなたんの事大好きです！
Elt,2020,https://x.com/Elt_51420/status/1787393622670704789?s=20,Mexico,"I wish you the best Miss Kanata. I hope that, no matter what, you get to accomplish all your dreams."
HD,2020,,Japan / 日本,６年間、へい民のためにすべてをかけて限界までがんばってくれたこと、生涯忘れることはありません。かなたんの心身の健康と幸せがわたしたちファンにとってのなにより一番の願いです。とても長い期間、ひとりでつらかったし、苦しみましたよね。力になれない無力さが悔しくてなりません。人生で唯一、最初で最後の世界一すばらしい最高の推しに出会えたこと、最高のアイドルであり、カッコよく、おもしろく、心優しく、不器用で、がんばり屋で、負けず嫌いで、心配させまいと強がりで、声やしゃべり方や動きもかわいすぎる、美しい魂を持った貴女が、今後も楽しく健康で幸せに存在してくれますよう、これからもずっと願っています。だから、また
パーカー,2023,,Singapore,かなたさんの今までの配信本当にありがとうございます。学校から帰ったらいつもかなたさんの配信を楽しみしていました。海外ニキのみんなにかなたさんのいいところを見せてみたかったので今年、英語の字幕がある切り抜きをずっと作っていました。かなたんさんもうすぐ卒業するんですが、みんながかなたさんとの思いでを絶対忘れません。これからの人生を幸せで過ごせますように願います。
MillenniumDays,2020,https://x.com/DannyMillennium/status/2003450660248059920,United Kingdom,"Kanatan always tried new things and didn't give up easily. Over 6 years they became a charming, chatty and funny idol who sang with strong emotions! I'm a shy person who was inspired by Kanatan to be happy to try new things too.
I'll miss Kanata, and I'm proud to have been a Heimin!."
Sudla Steel,2021,,United States,Never give up singing. You inspired me to always do my best. Thank you for everything.
イレベン,2020,https://x.com/rimurueleven/status/2003800058920415629?s=46&t=TDfRQl7v1GX9Dj0UBbqrdA,United States,"かなたんへ、
まず、出会ってくれてありがとう
かなたんは僕の初めての、代わりがない推しです
正直に卒業するのはまだ実感できてないけど、かなたんの言うことを聞いたら、ちゃんと休んで、健康を取り戻すことがなにより願っていると思うようになった
かなたんがへい民の幸せを願っているからこそきっとなれると思うから、かなたんも必ず安心して、幸せで居てね
大好きだよ、またいつかどこかで会えるように"
minus_3925,2019,https://x.com/minus_3925/status/2003802095443685817,Malaysia,"Kanata, thank you for these 6 years in Hololive. Your kindness, strength, and smiles meant a lot to me. Please take care of yourself and walk your new path happily and peacefully. I’ll always be grateful. Thank you."
,2021,,"Korea, South","日本語が話せないので短く書いています。 
かなたその先に歩く日に幸せだけいっぱいになってほしいです
かなたそがいたことをいつまでも覚えています。"
Allen_TW,2021,,Taiwan,台湾出身のへい民です。 中学生の頃からずっとかなたちゃんを推しています。 私が落ち込んでどうしようもなかった時、かなたちゃんは私に笑いと元気をくれました。本当にありがとうございます。 今は学業が忙しくなりましたが、変わらず大好きです。 6年間、活動を続けてくれて感謝しています。 これからも体に気をつけて、夢を追い続けてください！
Rajiel☆,2021,,"Korea, South","かなたんを忘れられず恋しがりながら帰ってくるのをいつまでも待つよ
一生愛してる"
Hiirumi,2020,https://x.com/Hiirumi/status/2003800924234580462?s=20,Malaysia,"かなたへ,
俺もカナタみたいに、悩みをあんまり人に言えないタイプなんだ。自分で抱え込んじゃう感じ。  でも、カナタは俺よりずっと大変なのに、ちゃんと前を向いて頑張ってて、本当にすごいと思う。  だから俺にとって、カナタはヒーローなんだ。人生のどん底だった時にカナタに出会って、また少しだけ光が見えたんだ。  
本当にありがとう。  
大好きだよ。"
Chaore,2020,,United States,"You were dazzling, Thank you."
DeRp Meister,2019,,United States,"Hello Kanata! I started following Hololive right around your debut, and you have been my kamioshi ever since. You appeared at a low point in my life and cheered me up, and I hope that us Heimin have done the same for you. Thank you for everything from streams to songs these past 6 years."
Bleno,2024,,Philippines,"Kanata, thank you for everything!! You made everyday better for me! I wish you the best of everything!!"
StunHeck,2025,,Malaysia,"Thank you for all the smile and laughter, Kanatan."
drago,2022,,"Korea, South","こんかなた！
かなたんが好きだった一人です。まずは、今までありがとうございました。天使であるあなたが多い人たち、へいみんたちを笑顔にして歌声でみんな感動させたと思います。行くなって言いたいですけどもう遅いみたいですね。今はあなたが行くこれからに幸運があることを祈ります。あなたが好きだったへいみんの一人としてあなたを絶対忘れずに心にきざみます"
Vulixatium12,2021,https://x.com/vulixatium12/status/2003804105719062627?t=_tQU8hUVspdX_tXREjIPfg&s=19,Indonesia,"君に救われて、君の歌に今まで救われてきたから、ずっと君の歌を聴きたいし、会いたい。君がいなくなるのは悲しいけど、ずっと幸せで良いことを願ってる。だから、もしまた来たくなったら、いつでも立ち寄って。それでいいよ。ずっと待ってるから、気が向いたらいつでも立ち寄って。生まれてきてくれてありがとう。君を推しにできたことを後悔したことは一度もない。どうか健康で幸せに過ごしてね。I Love PP Tenshi forever, かなたん大好き"
TruSanKyuu,2020,,United States,"Thank you for all the the fun streams over the years, the singing stream, the gaming streams, the chatting streams and everything else, it was all so much fun! Please make sure to keep looking after Lamy, she along with everyone else in hololive loves you so much!"
BeanBun,2021,,United Kingdom,"かなたん、素晴らしい6年間を本当にありがとう！

あなたの仕事衣装お披露目をきっかけにへい民になり、それ以来、できる限り配信や切り抜き、そして音楽を追いかけてきました。これまでずっとたくさんの幸せをもらい、2025年は私の人生で一番の年になりました。

これから始まる新しい人生の章が、素晴らしいものになりますように。今まで本当にありがとう。どうか体に気をつけてね。"
Kuurena,2019,https://x.com/KuurenaXD/status/1995855831653601662,Thailand,"この6年間、本当にありがとう。

最初僕はアバターと声が好きだっただけなのに、楽しそうに歌う姿を見て、どんどん好きになっちゃいました。それで、一生懸命頑張る姿を見て、僕も頑張ろうって思えるようになったんです。
かなたんを推しにできて、本当に良かった。これらの思い出は、一生忘れないと思います。
お疲れ様でした。
これからは幸せになってね。ずっと応援してるから"
Thrud,2022,https://x.com/thrud_ygo/status/1995961957812502674,Germany,"かなたんは強くて優しくて、誰が敵うの…？本当に“最強の天使”だよ。
かなたんのこと、誰も忘れないし、全部の思い出をずっと大切にする。
そのまっすぐさに救われた人、動かされた人がたくさんいるよ。
これから先も、かなたんならどんな壁だって乗り越えられる。心から幸せを願ってる🙏🩵"
へいへい ドゥ,2021,,"Korea, South","かなたは、私が初めて好きになったアイドルであり、
そしてきっと最後に好きになるアイドルです。

こんなにも長い時間、誰かを想い続けたのは本当に初めてです。

かなたがいない日常を考えると、正直とても怖いです。
それでも、かなたが幸せでいてくれるなら、
その気持ちだけで私はきっと耐えられます。
それでも、いつか機会があれば、また会えたらいいなと心から願っています。

これからもずっと好きでい続けます。
いつまでも、待っています。
本当に……本当に大好きです。"
Vaeiran,2022,,Indonesia,"Fly as high as you can like a Tenshi, but you can rest in somewhere.
Wherever it is, our spirit go with you!!"
Miyo,2021,,United States,Thank you for all the time you spent with us Kanata! Gen Four will always be my jp oshis!
kokpig,2020,,Singapore,"i hope you do well, i first saw your video was superbunny man wiih pekora, you are cheerful and funny."
PO1995,2019,,Malaysia,"かなた、
コロナ禍において、私たちに希望と光を届けてくださり、本当にありがとうございました。
素晴らしい歌声やライブパフォーマンス、そして心温まるトークを、いつも楽しみにしていました。
ご多忙な中でも配信を続けてくださったことに、深く感謝しています。
ご卒業後は、どうかお身体を大切に、ゆっくりお過ごしください。"
Jesper,2020,https://twitter.com/bonermysword/status/1924574070085189799?s=46,Singapore,かなたんのおかげで、これまでどんな辛い時も乗り越えました！頑固なところ、可愛くて、カッコいい！一生かなたんのこと推し続けます！！
SHO,2023,https://x.com/oshouakaunt/status/2003819321932558596,Japan / 日本,"かなたん6年間お疲れさまでした〜
3Dライブの動画でロングトーンを見てからこんな凄い人いるんだ！って思ったのがきっかけでした
それから配信を見て優しくて誠実で真っ直ぐな天音かなたを応援したくなりました。
メンタルが崩れたとき体調が悪い時に曲を聴いて元気を貰っていました✨
ソロライブを現地で応援することが出来て本当に嬉しかったよ！
VTuberの現地ライブもアイドルを好きになるのも初めてで色々な経験が出来たのも楽しかった✨
かなたんの活動に対するこだわりが歌が大好きだよ(^^)
本当に沢山の大切な思い出をありがとう！
へい民になれて本当に良かった💫
これから沢山の幸せがありますように😌"
小詩 (こうた),2020,https://x.com/i/status/2003820949582594181,Philippines,"こんかなた〜 小詩(こうた)と申します。フィリピンからのへい民です。僕は高校時代からかなたんの配信を見て、かなたんの歌を聴きました。本当に最高でした。かなたんの配信でいつも元気出ます。歌声にも毎回驚き感動します。日本語の勉強にもなりました。ありがとうございした。

今は大学生でちょっとだけ歌い手になろうとしてます。かなたんが本当に行くのは、未だに身に沁みてないんですけが前を向いて頑張るしかないです。この5年間を楽しませており、真に感謝します。かなたんの行き先がどこであろうと、僕はいつでもかなたんを応援します。これからも歌を聴き続き、かわいいとこ、かなたんをこの心に刻みます。お疲れ様でした。"
Turbo apples 123,2020,,United Kingdom,"Thank you for everything Kanata. You were my first vtuber and I hope you have fun after graduation. おつかなた, 本当にありがとう"
GOKA,2024,,Japan / 日本,"ふと気づいたら曲を聴いて、切り抜きを見て、アーカイブまで漁る毎日。
握力59.9キロというパワーを持ちながら可愛さも全開で、そのギャップに完全Knock Out。
イケボもカワボも出せて、歌い方も本当に大好きで、LOCK ONの時は完全に心を撃ち抜かれました。
アイドルオタクな一面やキレキレのツッコミも最高で、笑って元気をもらっています。
気づけば再生ボタンを押す手が止まらず、次気づいた時にはには1日が終わっていました。
今日もありがとう。明日も笑わせてください。最推しforeverです。
卒業しても同じ空の下から応援し続けます。
ずっと大好きです！！"
Chi Hua,2020,https://x.com/zWasabi404/status/1514590787799257090?s=20,Vietnam,"Kon Kanatan! I'm the lucky Heimin that got the ""Angel's Breath"". Hard to believe it been 4 years ago. I wish that you will always happy, heathy, no matter what you will do in the future. Thank you for everything. Otsukanata!"
Ayr,2019,,United Kingdom,"かなたん、

素晴らしい年月をありがとう。最初からずっと応援してきた者として、君を応援し、成長を見守り、君に毎日を明るくしてもらえたことを光栄に思います。

かなたは素晴らしい歌手であり、真のアイドルです。

かなたんの声を絶対に忘れません！"
Pecan-San,2019,https://x.com/PecanSanVT/status/2003830180801098113?s=20,United States,Thank you Kanataso. Words cannot express how thankful I am for the past 6 years of hard work. I will continue cheering you in your next stage whatever that may be!!!
夜焔 / Yohomura,2022,https://x.com/i/status/1964483729973559659,Israel,"かなたそ、大変ありがとうございます！
たくさん思い出と歌曲どうもありがとうございます！
かなたその歌声はめっちゃ好きだから歌うのは辞めないでください！
かなたその未来に幸運と健康の続くことを祈ります！"
Star ルイス,2025,https://x.com/subterrastars/status/1955974686023761937?s=46&t=Sncvku6LScZ1lq9dj9aVHg,Malaysia,"かなたんの歌が俺の生活を豊かにしてくれて、配信が俺の顔にたくさんの笑顔をもたらしてくれました。
6年間いっぱいいっぱいありがとうございました！！！"
Patty,2021,https://x.com/patipafu/status/1995783038014554392 and https://x.com/patipafu/status/1995785936211522026?s=46,Philippines,"かなたん、かなたんは私の最初のVTuberで、最愛の神推しだよ。人生を諦めそうだった時、かなたんを見て希望をもらって、本当に救われたんだ。

かなたんのおかげでまた絵を描き始めて、大切な友達もできたよ。ライブが見たくて日本にも行けたし、かなたんのおかげでたくさんの夢を叶えられたんだ。私のイラストも、いつかかなたんに届くといいな。

本当にありがとう。暗闇の中で私を導いてくれたのは、かなたんという光だったよ。これからもずっと、ずっと応援してるね！"
Reon,2020,,Philippines,"どんな困難にも負けずに夢を追いかけるかなたんの姿を見て、私も前に進み、自分の夢を叶えようとする勇気をもらいました。
かなたんのおかげで、今では大切な友だちと呼べる素敵な人たちにもたくさん出会えました。心から、ありがとう。

P.S. 音楽を絶対にあきらめないでください。"
ryookera (valshia),2021,https://x.com/ryookera/status/1752148085797691545,Japan / 日本,"たくさんの「ありがとう」を伝えたいです。いつも楽しい配信をありがとう。素敵な歌と歌声をありがとう。最高のライブをありがとう。特に、「僕の人生を変えてくれた」ことに関しては、ファンレターで綴り送りました。無事に届いていることを祈ります。

忘れないでください。かなたその夢は、へい民たちの夢です。そして、かなたその幸せは、へい民たちの幸せでもあります。これからどんな人生を歩むのか、僕達は知る由もありませんが、どこにいても、何をしていても、あなたの幸せを願っています。

「努力とは最後まで諦めないこと」
この言葉をずっと大切に、これからも多くの事を諦めずに向き合っていきます。
またいつか、どこかで。"
いるるー,2019,,Japan / 日本,6年間本当にありがとう！かなたんのおかげでいろんなことを頑張れたし、かなたんと過ごす日常が大好きだよ。たくさん頑張ってくれてありがとう！6年で1度もかなたんに嫌な気持ちにさせられたことなかったよ。一緒に過ごせて、一緒にいろんな夢をかなえられて、たくさん話して、家族と同じくらい大切にしてくれて嬉しかったよ！ツッコミもゲームも上手になって、歌もダンスも本当に上手になって、成長を見せてくれてありがとう！かなたんを推しててよかったって何度も思ったよ。応援しててよかった！この先会えなくても声が聴けなくてもずっとかなたんの味方だよ。これからもずっと幸せでいてね。ずっとずっと大好きだよ！またね！
ちゃいも,2025,,Japan / 日本,"何者にもなれなかった頃、ホロライブを知り、その中でかなたんとココ会長の事が大好きでした。
たくさん、元気と勇気をもらい、僕の心を形作る大きな存在です。広く浅くホロライブを見ていた僕はまだまだ知らないことがばかりですが、この言葉を伝えます。
かなたん！！大好き！！！"
TheUnknownKZ,2021,,Malaysia,"Hei, Kanatan! Thank you very much for being in Hololive for 6 years, I wish you all the best for your future and I hope that you will take good care of your health. You will always be our favourite Perfect Pitch Tenshi! This is not a ""goodbye"", it's a ""see you later""!"
Coggy,2019,https://x.com/limekishi/status/2003833581060444516?s=46,United States,"かなたさんへ、
今までの活躍お疲れ様でした！僕はデビューから応援していたものですが、あの時は日本語まったくわからなかった。今は、かなたの影響で、日本まで住んでいます！かなたんのアイドル力は凄いすぎるかも！
配信はいつも本当に面白かった。アルバムと歌声は最高です。話は感動しました、僕も人生をチャレンジして見たい、音楽作って見たい！全部天音かなたの影響です。
本当にありがとうございました。今から頑張ってね！
最高と最強のアイドルでした！！"
Astarin (アスタリン),2020,,Vietnam,"いつもありがとう、かなたそ！
2020年にホロライブを知ったのは、ホロライブのおかげです。初めてきみの配信を見た時、「わあ、この子可はすげ愛い」と思ったのを今でも覚えています。その時からきみはずっと私の神推しです。そして、その選択を後悔したことは一度もありません！きみのユーモアとポジティブさで、私の毎日を明るくしてくれます。きみはいつも仕事に全力を尽くしていて、そのことをいつも尊敬しています。いつも幸せで健康でいられますように。かなた、すきだよ！"
Kindvirus,2021,https://x.com/Kindvirus999/status/1999992736796320092,Brunei,"Kanata!  When I wanted to give up on my career as an artist, you used my art for your posts and it brought me back to life again, I kept going because of you. Your wonderful singing and fun streams helped me get through difficult times in my life. Thank you, I want to see you again someday!"
クレム,2023,https://bsky.app/profile/arcs0987.bsky.social/post/3maqhybccn223,Canada,"これまでリリースしてきたすべての曲をネイティブレベルで理解できるよう、日本語を勉強したいと思っています。
そして、いつか3Dコンサートを生で観たいと思っています。
かなたの歌声にインスピレーションを受け、ありがとうございます。"
ZrieeHeimin,2020,https://x.com/i/status/1899644165606252688,Indonesia,こんにちは、カナタ。私の名前はZrieeです。インドネシアのジャカルタ出身のヘイミンです。2020年から今までヘイミンをやってきました。カナタさんがホロライブを卒業する時はとても悲しかったです。絶望するほど悲しかったのですが、卒業についてのライブストリームをもう一度見たとき、卒業は自分で決めるものだとたくさん学びました。いつになっても、私はヘイミンであり続けます。カナタさんのような素晴らしい推しがいたことを、私は決して忘れません。大好きです。いつもカナタさんを応援しています。
Abby,2021,https://x.com/i/status/2000255486420234663,Malaysia,"かなたんへ、
マレーシアのへい民です！女ファンだよ♡最初は、かなたんの寝起きの可愛い声に惹かれましたwかなたんはデビュー当初は陰キャラたけど、今では場を盛り上げる配信者に成長していて、凄かったよ！かなたんはいつも周りの人を気遣ってくれて、でも、これからは自分を一番に考えてあげてください！ ソロライブは素晴らしかった（その日は私の誕生日でもあったので嬉しかった！）美しい高音も磁力のある低音も好き！かなたんはもうインタネットには出ないって言ってたけど、またかなたんの声が聞きたいなと思ってる🥺トワ様が言ってたように、あまり意固地にならないでねwどこても応援してるよ！ありがとう！（Google翻訳）"
Abren,2024,https://x.com/4_br3n/status/2003835859502797151?s=20,"Korea, South","かなたんに人生を救われました。  
かなたんを推すようになって、本当に幸せでした。  
その思い出は一生忘れません。  

かなたんに救われた分、恩返しをしたくて、  
諦めていた絵を最後まで一生懸命描きました。  

かなたんの幸せを心から祈っています。  
かなたんは永遠にへい民の世界一のアイドルだよ！"
Arisae,2020,https://x.com/ari_sae_/status/2003836480117182747,Australia,"Thank you Kanata for everything. I am grateful for how much you made me smile. Good luck with your future!
天音かなた,すべてに感謝します. あなたが私をこんなに笑顔にしてくれたことに感謝しています. 今後のご活躍をお祈りします！"
KI,2022,,"Korea, South",6年間、かなたの歌を聴いて、共に過ごせて本当に幸せでした。かなたん大好きです。
Skwib,2024,https://x.com/Skwib_1622/status/2003721819296268583,Philippines,"かなたんへ。
感情あふれる歌声と情熱的なパフォーマンスにいつも圧倒されています。ライブや配信で自分を超え続ける姿、本当に尊敬しています。「片羽」は一生大切な曲です。不完全でも素晴らしいものを生み出せると勇気をもらいました。 かなたんのおかげでまた少しずつ音楽を再開できたので、いつか曲をカバーすると約束します！見ていてくれたら嬉しいです。 海外ファンで日本語も話せないけど、出会えて本当に良かった。へい民のために頑張ってくれて、ありがとう。かなたんも幸せになれますように！ラミィちゃんの言葉どおり、少しでいいから身体を大切に。かなあず、これからも仲良くね！ 大好き! またいつか！
— Skwibより"
ranmasama,2024,,United States,"ChatGPTを使って翻訳しています。
去年VTuberとホロライブを知って、最初からあなたに惹かれました。
歌声も、ホロメンのみんなと自然に溶け込むところも本当に大好きです。

あなたが歌う曲の中で特に好きなのは
「別世界」と「十万億度」です。
「十万億度」の歌詞は、これからもずっと考え続けると思います（笑）。

今まで本当にありがとうございました、かなたん。
これからの未来に、たくさんの幸せと成功がありますように。
応援しています。"
Ryos1353,2021,,United States,Thank you for everything that you have done. Even if it is an end it is a beginning as well. Hope you keep in contact with other Hololive members even when your gone. May many good things happen for you!
tunananan,2020,,Vietnam,わたしはろくねんかん、ずっとかなたのふぁんです。ちゅうがくせいのころから、だいがくそつぎょうをひかえたいまにいたるまで、かなたはつねにわたしのこころのささえでした。なんどしっぱいしても、かなたのそんざいをおもいだすことでまえにすすむゆうきをもらい、かずかずのしれんをのりこえてきました。そのけっか、じんせいでおおくのせいかをえることができました。かなたがわたしのじんせい、そしてこころのおおきないちぶになってくれたことに、こころからかんしゃしています。
Music137,2023,https://x.com/omaera137/status/2003841693209235534?s=46,United States,Kanata! You are our strength. Thank you for being our tenshi and singing to us!
D3athstrike,2019,https://x.com/Deathstrike__/status/2003839770531901462,United States,"私たちが知らなかったほど多くのものを背負いながら、それでも忘れられない配信や歌、笑顔を届けてくれました。
あなたは私に勇気をくれて、笑わせてくれて、つらい日々を何度も支えてくれて、そして“本当の努力”がどういうものかを教えてくれました。
活動に注いでくれた時間も、努力も、想いも、本当にありがとうございました。
この旅の終わりはとても苦しいけれど、どうかこれからの道が幸せで満たされていますように。
どこにいても、これからもずっと静かに応援しています! 💫 💙"
Raco,2021,,Romania,"かなたんはこの世界で最高のものを得るに値する。苦しんだり、痛みを感じたりしてほしくない。いつもそんなに強く、冷静でいる必要はないよ。ゆっくり休んでいいね。
誰よりも、休む価値があるんだから。かなたんとへい民の関係は、アイドルとファンのそれ以上のもので、家族だ。あれほど大切にしていたものが、曖昧なまま終わるのはつらい。何かしたいんだ。もう無力だと感じたくない。一人で戦わなくていいよ。 へい民を守りたい気持ちは、みんなも同じだから…わかる？ね。ここにいるよ、ずっと探し続ける。ごめんね。これからもずっと応援しているよ、がんこもの。これからどんな決断をしてもどうか、幸せに生きてな。
本当に大好きだよ！"
samuell,2020,https://x.com/Shiron_Homura/status/2003842470942306305/,Australia,"かなたんへ

最初同居ーずからかなたんを知りました、かなたんの諦めない心に惹かれてへい民になった。
かなたんに出会ったから六年、辛い時も悲しい時も一緒に過ごしてありがとう！
かなたんに知ったあと毎日も楽しかった！
かなたんと一緒からどんな日々も過ごせると思った
かなたんの歌声も大好きで何回も聞く、かなたんの曲もどれも心に響く、これからもずっと聞くよ！
かなたんのおかげで毎日楽しかったし、日本語も段々上手くなりました、かなたんもどうか幸せにしてね
どうか貴女の未来に幸あれ
残りわずかも、これからどんな未来でも、ずっとかなたんを応援するよ！
大好き！"
KimieTY,2021,,Thailand,かなたん、本当に6年間お疲れ様でした。私は女の子で、かなたんが大切にしてきた「理想のアイドル」の美学にとても共感してるよ。その姿勢や活動へのこだわり、目標を叶えるために努力し続けてきたところを、心から尊敬してます。そして、いつも周りの人を大切にする優しさや思いやりも、本当に素敵だと思ってる。卒業は寂しくて何度も泣いたけど、たくさん悩んで出した決断だと信じてるから、引き止めることはしないよ。ちゃんと推すことができたと思ってるので、後悔はありません。へい民はいつでもここにいるよ。また戻りたくなったら、いつでも帰ってきてね！かなたんはいつまでも私にとって「理想のアイドル」そのものです。大好きだよ！！
Ten,,,Thailand,"こんかなた！
デビューからずっと応援してるわけじゃないけど、あなたの優しさや歌、そしてあなた自身に何度も感動させてもらってるよ。
もう気づいてるかもしれないけど、あなたは本当にたくさんの人に愛されてるんだよ！友達も、そして日本と海外（私も）のへい民たちに。
それと、知ってほしいことがあるんだ。
１。私たちはみんなあなたが幸せでいてほしいって思ってるよ！あなたのアイドルとしてのビジョンは本当に素晴らしいと思うけど、もし卒業するなら、自分が一番幸せになれることをやった方がいいよ！友達との繋がりも大切にね！
２。あなたは本当にすごいよ！あなたを愛してるファンがこんなにいることを誇りに思ってね！"
,,,,沢山の笑顔をありがとう
YW,2023,,"Korea, South",会いにきて
lupinox,2019,,Australia,"こんかなた！
かなたん、6年お疲れ様でした！
配信者として、歌手として、ゲーマーとして、アイドルとして、そして一人の人間として、あなたはいつも最善を尽くし、とても輝いています。

私たちが共に過ごした時間のすべての思い出と、あなたがくれた希望を、私は永遠に大切にします。
本当に寂しくなるよ。
もちろん、もっと長くいてほしいとは思うけれど、何よりもあなたが幸せで健康でいてほしい！ゆっくり休んでね！

かなたん、本当にありがとう！
永遠に大好きだよ！

(ちなみに、私は日本語が下手だから、このメッセージと送ったファンレターはDeepLで翻訳しました。変な誤訳や表現があったらごめんなさい！）"
Paolo345,2024,,Italy,かなたん大好きだよ。長年のご尽力と、私を片羽でhololiveに導いてくださったことに感謝します。あなたのことは決して忘れません。どうかご自身のためにも歌い続けてください。あなたは私が知る最高の歌手のひとりです。
ティムtimu,2020,,Hong Kong,最初はかなたんの歌声に惹かれて、どんどんかなたんに恋をして、配信を最初から最後まで見るようになりました。その過程で僕の日本語もうまくなった（たぶんかなたんのマシンガントークのおかげw）。そして、かなたんの言葉がいかに真っ直ぐで誠実か、どれだけ優しいだんだん実感するようになりました。 普段はかなたんの活動でいっぱい幸せをもらっています。でも、かなたんがあまりにも頑固で、自分より他人を大切にしすぎるところを見ると、心が痛くなることもあります。それでも、そんなところも含めて大好きなんです。私たちはいつまでもあなたの仲間です！これからも健康で、いいことばかりありますように！かなたん大好き！
reo　｜　レオ,2020,,Philippines,"わたしの日本語はまだ赤ちゃんレベルなんだけど、わたしの力使い、メッセージを書きます！
かなたん本当にだいすき…
しあわせになれるように
ずっと応援します！
おつかなたでした（いつでもホロライブ戻ってきてください）"
,2020,,United States,Thank you Kanata!! I will love your singing forever! かなたん、今までありがとうございました！よく頑張りましたね！
Enkido,2023,https://x.com/i/status/1955730086608662531,United States,Thank you for everything Kanata!
Duckice,2019,,Singapore,"かなたん、今まで本当にありがとう！
デビューの頃からずっと見ています。
病気に負けずに頑張るかなたんの姿に、いつも勇気をもらっています。

私は生まれつき体や肺が弱かったですが、それを乗り越えて、今では誇れるアスリートになることができました。
かなたんが「もっと頑張ろう」と思わせてくれたからです。

今度は、私がかなたんに、もっと幸せに生きてほしいという気持ちを届けたいです。
本当にありがとう！

翻訳はAIを使わせてもらいました。
もし言い回しが少し変だったらごめんなさい！"
Brendan Choi,2019,,United States,"Kanata, I have had the honor of watching you grow since your debut. Please stay strong  as you fight Meniere's disease! You've given so much to us and gave us strength when we needed it the most. Please rest knowing your legacy, and that we will ensure that you are never forgotten."
Nep Heart,2025,https://x.com/annin_oekaki/status/2003785117861638403,United States,ヘイミンを始めたばかりの頃、カナタの歌やカラオケ配信をいくつか聴いて、彼女の声にすっかり魅了されました。ホロライブの中でも、おそらく最も才能豊かで柔軟性のある声質の持ち主の一人でしょう。もちろん、デザインも素晴らしく、どのバリエーションも素晴らしいです。
PALA,2021,,Taiwan,"かなたんがどこにいても、健康で幸せに生きていけますように
天音かなたは最高のアイドルですよ！"
ZakuYoh,2020,,Malaysia,"I hope you will be succesful wherever you go, stay strong kanataso"
SharkyDoko,2020,https://x.com/SharkyDoko/status/2003860763258368288?s=20,Malaysia,"Thank you Kanata for being 最高！！
I really love your singing！Hope things go better for you <3 "
buffy bearbear,2020,,Thailand,"Take care of yourself Kanatan, Be well. Love ya! Until we meet again."